Workbook

Sheet 00_START_HERE
B2: HỆ THỐNG TRACKING TĂNG CÂN & TĂNG CƠ CÁ NHÂN HÓA (BULKING SYSTEM 2026)
B3: Thiết kế tích hợp: S&C Coach • Chuyên gia Dinh dưỡng Thể thao • Kỹ sư Excel & Phân tích Dữ liệu
B5: ⚠️ CẢNH BÁO SỨC KHỎE QUAN TRỌNG (HEALTH & MEDICAL DISCLAIMER): Chỉ số BMI baseline ngày 19/10/2026 là 16.4 (Chiều cao 175cm, Cân nặng 50.3kg) thuộc phân loại THIẾU CÂN ĐÁNG LƯU Ý đối với nam giới trưởng thành. Tỷ lệ mỡ PBF 7.8% là mức rất thấp. Workbook này là công cụ tự theo dõi thói quen dinh dưỡng và tập luyện cá nhân hóa, KHÔNG THAY THẾ CHẨN ĐOÁN HOẶC CHỈ ĐỊNH Y KHOA. Khuyến nghị bạn đi khám tổng quát và tham khảo ý kiến Bác sĩ/Chuyên gia Dinh dưỡng lâm sàng, đặc biệt nếu tình trạng thiếu cân kéo dài, có sút cân không chủ ý hoặc có triệu chứng tiêu hóa/mệt mỏi bất thường.
B8: 1. CHÚ GIẢI MÀU SẮC & QUY TẮC NHẬP LIỆU (COLOR LEGEND & INPUT CONVENTIONS)
B9: Loại Ô / Quy Ước | C9: Mẫu Trực Quan & Ý Nghĩa | D9: Hành Động Của Bạn | E9: Ghi Chú Kỹ Thuật
B10: Ô Nhập Liệu Người Dùng (User Input) | C10: Màu Xanh Nhạt viền Xanh | D10: Người dùng tự nhập tay hoặc chọn từ Dropdown. | E10: Tương thích Microsoft Excel macOS & Windows
B11: Ô Công Thức Tự Động (Automated Formula) | C11: Màu Xám Nhẹ Neutral | D11: Tuyệt đối không sửa! Công thức tự tính toán. | E11: Tương thích Microsoft Excel macOS & Windows
B12: Cột Mốc / Đạt Chỉ Tiêu (Target Hit / Success) | C12: Màu Xanh Lá (Emerald) | D12: Đã hoàn thành mục tiêu hoặc tuân thủ tốt. | E12: Tương thích Microsoft Excel macOS & Windows
B13: Cảnh Báo / Cần Cấu Hình (Warning / Pending) | C13: Màu Vàng Hổ Phách (Amber) | D13: Thông tin chưa cấu hình hoặc số liệu thiếu. | E13: Tương thích Microsoft Excel macOS & Windows
B14: Dữ Liệu Mẫu Tham Khảo (Sample Data) | C14: Màu Tím Nhạt (Purple) | D14: Dữ liệu mẫu minh họa [SAMPLE], không tính vào kết quả thật. | E14: Tương thích Microsoft Excel macOS & Windows
B16: 2. QUY TRÌNH VẬN HÀNH CHUẨN (DAILY - WEEKLY - MONTHLY WORKFLOW)
B17: Tần Suất | C17: Bước Thực Hiện | D17: Hướng Dẫn Chi Tiết Chuyên Gia | E17: Worksheet Trọng Tâm
B18: MỖI NGÀY (Hằng sáng) | C18: 1. Cân sáng | D18: Cân ngay sau khi thức dậy và đi vệ sinh, trước khi ăn uống. Nhập vào Sheet 10. | E18: Sheet 10_BODY_WEIGHT_LOG
B19: MỖI NGÀY (Trong ngày) | C19: 2. Ghi nhận món ăn | D19: Ghi lại từng món ăn và khối lượng (g/ml). Chọn mức tin cậy (Đã cân / Ước lượng). | E19: Sheet 06_DAILY_NUTRITION_LOG
B20: MỖI NGÀY (Buổi tập) | C20: 3. Ghi chép tạ & reps | D20: Mở nhật ký tập luyện, ghi mức tạ thực tế, số reps đạt được và RIR từng hiệp. | E20: Sheet 09_WORKOUT_LOG
B21: MỖI NGÀY (Cuối ngày) | C21: 4. Kiểm tra chỉ tiêu | D21: Xem tổng calo/protein trong ngày. Đảm bảo trạng thái ngày chuyển thành COMPLETE. | E21: Sheet 06 & 13_DASHBOARD
B22: HẰNG TUẦN (Chủ nhật) | C22: 5. Review & Điều chỉnh | D22: Đánh giá cân nặng TB 7 ngày, tỷ lệ tuân thủ calo, số buổi tập hoàn thành. | E22: Sheet 12_WEEKLY_REVIEW
B23: HẰNG THÁNG (4-8 tuần) | C23: 6. Kiểm tra InBody | D23: Đo lại InBody trong cùng điều kiện. Đánh giá tốc độ tăng cơ SMM vs tăng mỡ. | E23: Sheet 11_INBODY_HISTORY
B25: 3. DANH MỤC WORKSHEETS & CHỨC NĂNG HỆ THỐNG (SYSTEM DIRECTORY)
B26: Tên Sheet | C26: Tên Tiếng Việt | D26: Chức Năng & Mục Đích | E26: Trạng Thái Sử Dụng
B27: 00_START_HERE | C27: Bắt đầu tại đây | D27: Hướng dẫn sử dụng, checklist khởi tạo, quy trình SOP & cảnh báo y tế. | E27: Bắt buộc đọc trước khi dùng
B28: 01_PROFILE_GOALS | C28: Hồ sơ & Mục tiêu | D28: Quản lý dữ liệu nhân trắc, baseline 19/10/2026, các cột mốc 55-60-65kg & thói quen sinh hoạt. | E28: Bổ sung thông tin còn thiếu
B29: 02_NUTRITION_SETUP | C29: Thiết lập Dinh dưỡng | D29: Phân tích BMR, TDEE, lộ trình calo thặng dư an toàn & chia tỷ lệ Macronutrients. | E29: Đang ở mức Thử nghiệm
B30: 03_FOOD_DATABASE | C30: Cơ sở Thực phẩm | D30: Database 40+ thực phẩm Việt Nam, phân định sống/chín, calo, protein, carb, fat, giá tiền. | E30: Tra cứu & bổ sung món mới
B31: 04_RECIPE_DATABASE | C31: Công thức Món ăn | D31: Quản lý công thức sinh tố tăng cân, bữa ăn sinh viên, tính tự động macro từ Food DB. | E31: Mẫu tham khảo [SAMPLE]
B32: 05_WEEKLY_MEAL_PLAN | C32: Kế hoạch Thực đơn | D32: Lịch ăn mẫu 7 ngày tối ưu chi phí & thời gian chuẩn bị bữa cho sinh viên. | E32: Kế hoạch tuần
B33: 06_DAILY_NUTRITION_LOG | C33: Nhật ký Ăn uống | D33: Nhập thực tế những gì đã ăn mỗi ngày. Tự động tính calo, protein. Không tính ngày trống là 0 calo. | E33: Nhập hằng ngày
B34: 07_WORKOUT_EXERCISE_DB | C34: Danh mục Bài tập | D34: 35 bài tập chuẩn Hypertrophy phân nhóm cơ, dụng cụ, kỹ thuật, an toàn & bài thay thế. | E34: Tra cứu kỹ thuật
B35: 08_WEEKLY_WORKOUT_PLAN | C35: Giáo án Tập luyện | D35: Lịch tập 4 buổi Upper/Lower tối ưu phục hồi cho thể trạng 50.3kg, nguyên tắc tăng tải. | E35: Kế hoạch tập
B36: 09_WORKOUT_LOG | C36: Nhật ký Tập luyện | D36: Ghi chép chi tiết từng hiệp tập: mức tạ, reps, RIR/RPE, phát hiện chững tạ & đau bất thường. | E36: Nhập sau mỗi buổi tập
B37: 10_BODY_WEIGHT_LOG | C37: Theo dõi Cân nặng | D37: Ghi cân nặng sáng 24 tuần, vòng eo, trung bình 7 ngày, khoảng cách tới mốc 55-60-65kg. | E37: Nhập mỗi sáng
... B41: 14_SETTINGS_VALIDATION | C41: Danh mục & Cấu hình | D41: Chứa toàn bộ danh sách dropdown cho workbook: Bữa ăn, Nhóm cơ, Trạng thái, Thang đo. | E41: Cấu hình hệ thống
B44: 4. CHECKLIST KHỞI TẠO HỒ SƠ BAN ĐẦU (PROFILE INITIALIZATION CHECKLIST)
B45: Hạng Mục Kiểm Tra | C45: Nội Dung Chi Tiết | D45: Trạng Thái Hiện Tại | E45: Hành Động Tiếp Theo
B46: Số liệu InBody Baseline (19/10/2026) | C46: Chiều cao 175cm, Cân nặng 50.3kg, SMM 25.7kg, PBF 7.8% | D46: ĐÃ XÁC NHẬN | E46: Đã tích hợp sẵn vào Sheet 01 & 11
B47: Xác nhận số ngày tập gym khả thi | C47: Số buổi có thể tập đều đặn mỗi tuần (Khuyến nghị 3-4 buổi) | D47: CHƯA CẤU HÌNH | E47: Vào Sheet 01 để bổ sung
B48: Xác nhận kinh nghiệm & kỹ thuật tập | C48: Đã tập bao lâu, khả năng thực hiện Bench Press, Squat, Lat Pulldown | D48: CHƯA CẤU HÌNH | E48: Vào Sheet 01 để bổ sung
B49: Xác nhận mức độ vận động ngoài gym (NEAT) | C49: Đi học, ngồi nhiều, đi bộ, làm việc chân tay... | D49: CHƯA CẤU HÌNH | E49: Vào Sheet 01 để bổ sung
B50: Xác nhận thời gian ngủ trung bình | C50: Số giờ ngủ hằng đêm (Quan trọng sống còn cho tăng cơ) | D50: CHƯA CẤU HÌNH | E50: Vào Sheet 01 để bổ sung
B51: Xác nhận ngân sách & thói quen ăn uống | C51: Ngân sách/ngày, khả năng nấu nướng, dị ứng lactose... | D51: CHƯA CẤU HÌNH | E51: Vào Sheet 01 để bổ sung
B52: Cân thử buổi sáng đầu tiên & kiểm tra cân | C52: Sử dụng cùng 1 chiếc cân điện tử đặt trên mặt phẳng cứng | D52: CHỜ THỰC HIỆN | E52: Nhập vào dòng 5 Sheet 10

Sheet 01_PROFILE_GOALS
B2: HỒ SƠ CÁ NHÂN & LỘ TRÌNH MỤC TIÊU (PROFILE & GOALS)
B4: 1. THÔNG TIN NHÂN TRẮC & CHỈ SỐ INBODY BAN ĐẦU (19/10/2026)
B5: Chỉ Số / Thông Tin | C5: Giá Trị | D5: Trạng Thái | E5: Ghi Chú Chuyên Môn
B6: Giới tính | C6: Nam | D6: ĐÃ XÁC NHẬN | E6: Đọc từ phiếu InBody
B7: Tuổi | C7: 21 | D7: ĐÃ XÁC NHẬN | E7: 21 tuổi
B8: Chiều cao (Height) | C8: 175 | D8: ĐÃ XÁC NHẬN | E8: cm (Đo tại phòng tập)
B9: Cân nặng Baseline (Weight) | C9: 50.3 | D9: ĐÃ XÁC NHẬN | E9: kg (Thời điểm đo 19/10/2026)
B10: Chỉ số BMI Baseline | C10: =C9/((C8/100)^2) | D10: TỰ ĐỘNG TÍNH | E10: kg/m² (Mức 16.4: Thiếu cân đáng lưu ý)
B11: Khối lượng cơ xương (SMM) | C11: 25.7 | D11: ĐÃ XÁC NHẬN | E11: kg (Mục tiêu tăng lên >30 kg)
B12: Khối lượng mỡ (Body Fat Mass) | C12: 3.9 | D12: ĐÃ XÁC NHẬN | E12: kg (Rất thấp)
B13: Tỷ lệ mỡ cơ thể (PBF) | C13: 0.078 | D13: ĐÃ XÁC NHẬN | E13: % (Số đo máy 7.8%)
B14: Tỷ lệ trao đổi chất cơ bản (BMR) | C14: 1371 | D14: ĐÃ XÁC NHẬN | E14: kcal/ngày (Năng lượng duy trì sự sống cơ bản)
B15: Năng lượng InBody khuyến nghị | C15: 2648 | D15: MỐC THAM KHẢO | E15: kcal/ngày (Cần kiểm chứng bằng thực tế)
B16: Ngày bắt đầu tracking | C16: 46314 | D16: ĐÃ XÁC NHẬN | E16: Bắt đầu chu kỳ 24 tuần
B18: 2. THÓI QUEN SINH HOẠT, VẬN ĐỘNG & NGÂN SÁCH (CẦN NGƯỜI DÙNG BỔ SUNG)
B19: Trường Thông Tin | C19: Giá Trị Thiết Lập (Ô Nhập Liệu) | D19: Trạng Thái | E19: Hướng Dẫn / Lưu Ý Chuyên Gia
B20: Số ngày tập gym mục tiêu mỗi tuần | C20: 4 | D20: CHƯA CẤU HÌNH | E20: buổi/tuần (Khuyến nghị 4 buổi: Upper/Lower)
B21: Kinh nghiệm tập luyện thể hình | C21: Dưới 6 tháng / Đang làm quen | D21: CHƯA CẤU HÌNH | E21: Cần xác nhận kỹ thuật các bài cơ bản
B22: Mức độ vận động ngoài gym (NEAT) | C22: Ngồi nhiều (Sinh viên / Văn phòng) | D22: CHƯA CẤU HÌNH | E22: Ảnh hưởng lớn đến mức tiêu hao TDEE
B23: Thời gian ngủ trung bình mỗi đêm | C23: 7 | D23: CHƯA CẤU HÌNH | E23: giờ/đêm (Tối thiểu 7-8h để cơ bắp phục hồi)
B24: Ngân sách ăn uống ước tính | C24: 90000 | D24: CHƯA CẤU HÌNH | E24: VNĐ/ngày (~2.700.000 VNĐ/tháng)
B25: Số bữa ăn có thể duy trì mỗi ngày | C25: 4 bữa (3 chính + 1 phụ) | D25: CHƯA CẤU HÌNH | E25: Chia nhỏ bữa giúp giảm áp lực dạ dày
B26: Khẩu vị & Thực phẩm thường ăn | C26: Cơm trắng, trứng, ức gà, thịt heo, chuối | D26: CHƯA CẤU HÌNH | E26: Ưu tiên thực phẩm dễ mua, giá rẻ
B27: Dị ứng hoặc không dung nạp thức ăn | C27: Không có / Đang theo dõi lactose | D27: CHƯA CẤU HÌNH | E27: Lưu ý nếu uống sữa bò bị đầy bụng
B28: Trang thiết bị tập luyện sẵn có | C28: Phòng gym thương mại đầy đủ máy & tạ | D28: CHƯA CẤU HÌNH | E28: Đủ Barbell, Dumbbell, Cáp và Máy
B29: Hạn chế chấn thương / Đau mỏi khớp | C29: Không có chấn thương lưng/khớp | D29: CHƯA CẤU HÌNH | E29: Nếu đau khớp cần đổi bài tập ngay
B30: 3. LỘ TRÌNH CÁC CỘT MỐC CÂN NẶNG & TIẾN TRÌNH THỰC TẾ (WEIGHT MILESTONES)
B31: Chỉ Tiêu / Cột Mốc | C31: Mục Tiêu / Thực Tế | D31: Chênh Lệch / Đơn Vị | E31: Ý Nghĩa Giai Đoạn & Phân Tích
B32: Baseline (19/10/2026) | C32: 50.3 | D32: Mốc xuất phát | E32: BMI 16.4 - Điểm khởi đầu của hành trình
B33: Cột mốc 1 (Milestone 1) | C33: 55 | D33: +4.7 kg | E33: Thích nghi ăn thặng dư calo, tăng sức mạnh cơ bản
B34: Cột mốc 2 (Milestone 2) | C34: 60 | D34: +9.7 kg | E34: Thoát khỏi ngưỡng BMI thiếu cân (BMI đạt ~19.6)
B35: Cột mốc 3 (Milestone 3 - Mục tiêu dài hạn) | C35: 65 | D35: +14.7 kg | E35: Thể hình cân đối, cơ bắp săn chắc (BMI ~21.2)
B36: Cân nặng mục tiêu trên InBody | C36: 67.4 | D36: +17.1 kg | E36: Mốc tham khảo tối đa từ thuật toán InBody
B37: --- TIẾN ĐỘ THỜI GIAN THỰC --- | E37: CÔNG THỨC TỰ ĐỘNG TÍNH TOÁN
B38: Cân nặng hiện tại (Mới nhất) | C38: =LOOKUP(9.99E+307, '10_BODY_WEIGHT_LOG'!$C$4:$C$171) | D38: kg | E38: Tự động liên kết từ Sheet 10
B39: Tổng số kg đã tăng so với baseline | C39: =MAX(0, C38-50.3) | D39: kg | E39: Tiến triển thực tế
B40: Khoảng cách còn lại đến Cột mốc 55 kg | C40: =MAX(0, 55-C38) | D40: kg | E40: Khoảng cách mốc 1
B41: Khoảng cách còn lại đến Cột mốc 60 kg | C41: =MAX(0, 60-C38) | D41: kg | E41: Khoảng cách mốc 2
B42: Khoảng cách còn lại đến Mục tiêu 65 kg | C42: =MAX(0, 65-C38) | D42: kg | E42: Khoảng cách mục tiêu dài hạn
B43: Tỷ lệ hoàn thành mục tiêu 65 kg | C43: =IF(C38<=50.3, 0, (C38-50.3)/(65-50.3)) | D43: % | E43: Phần trăm chặng đường
B44: Số ngày theo dõi đã trôi qua | C44: =MAX(1, TODAY()-DATE(2026,10,19)) | D44: ngày | E44: Thời gian đã nỗ lực

Sheet 02_NUTRITION_SETUP
B2: THIẾT LẬP MỤC TIÊU DINH DƯỠNG & NĂNG LƯỢNG (NUTRITION SETUP)
B4: 1. CƠ SỞ CHUYỂN HÓA & PHÂN TÍCH TỪ CHUYÊN GIA DINH DƯỠNG
B5: Thông Số Chuyển Hóa | C5: Giá Trị | D5: Phân Loại | E5: Phân Tích Chuyên Môn
B6: BMR từ máy InBody (19/10/2026) | C6: 1371 | D6: kcal/ngày | E6: Năng lượng cơ bản ở trạng thái nghỉ hoàn toàn
B7: BMR theo công thức Katch-McArdle | C7: =370+(21.6*'11_INBODY_HISTORY'!K4) | D7: kcal/ngày | E7: Tính từ FFM 46.4kg (Trùng khớp 1.372 kcal)
B8: Calo InBody khuyến nghị trên phiếu | C8: 2648 | D8: MỐC THAM KHẢO | E8: Thuật toán máy ước tính (CHƯA PHẢI MỤC TIÊU NGAY)
B9: Khuyến nghị của Chuyên gia Dinh dưỡng | C9: Bắt đầu với 2.100 kcal | D9: CHIẾN LƯỢC | E9: Không nhảy ngay lên 2.648 kcal để tránh quá tải dạ dày
B11: 2. BẢNG ƯỚC TÍNH TỔNG TIÊU HAO NĂNG LƯỢNG HẰNG NGÀY (TDEE TABLE)
B12: Mức Độ Hoạt Động (PAL) | C12: TDEE Ước Tính | D12: Hệ Số Nhân (Multiplier) | E12: Ghi Chú Đánh Giá Thể Trạng
B13: Ít vận động (Sedentary - Ngồi học nhiều) | C13: =C6*1.2 | D13: Hệ số PAL: 1.20 | E13: Duy trì không tập: ~1.645 kcal
B14: Vận động nhẹ (Light - Tập 1-3 buổi/tuần) | C14: =C6*1.375 | D14: Hệ số PAL: 1.375 | E14: Duy trì tập nhẹ: ~1.885 kcal
B15: Vận động vừa (Moderate - Tập 3-4 buổi/tuần) | C15: =C6*1.55 | D15: Hệ số PAL: 1.55 | E15: Mức ước tính phù hợp: ~2.125 kcal
B16: Vận động nặng (Very Active - Tập nặng 5+ buổi) | C16: =C6*1.725 | D16: Hệ số PAL: 1.725 | E16: Mức tiêu hao cao: ~2.365 kcal
B18: 3. THIẾT LẬP MỤC TIÊU MACRONUTRIENTS CHÍNH THỨC (OFFICIAL TARGETS)
B19: Chỉ Tiêu Dinh Dưỡng | C19: Giá Trị Mục Tiêu | D19: Trạng Thái Cấu Hình | E19: Cơ Sở Khoa Học & Phân Bổ Năng Lượng
B20: Mục tiêu Năng lượng hằng ngày (Daily Kcal Target) | C20: 2100 | D20: Đang thử nghiệm | E20: Thặng dư an toàn giai đoạn 1 (+250 kcal trên TDEE duy trì)
B21: Mục tiêu Protein hằng ngày | C21: 100 | D21: Đang thử nghiệm | E21: ~2.0 g/kg thể trọng (400 kcal = 19.0% tổng calo)
B22: Mục tiêu Chất béo (Fat) hằng ngày | C22: 55 | D22: Đang thử nghiệm | E22: ~1.1 g/kg thể trọng (495 kcal = 23.6% tổng calo)
B23: Mục tiêu Carbohydrate (Carb) hằng ngày | C23: 300 | D23: Đang thử nghiệm | E23: Nguồn năng lượng chính (1.200 kcal = 57.1% tổng calo)
B24: Tổng Calo tính lại từ Macros (Kiểm tra) | C24: =(C21*4)+(C22*9)+(C23*4) | D24: TỰ ĐỘNG KHỚP | E24: Công thức: (Protein*4) + (Fat*9) + (Carb*4)
B25: Mục tiêu Nước uống hằng ngày | C25: 2500 | D25: Đang thử nghiệm | E25: ml/ngày (Đảm bảo bù dịch khi tập và tiêu hóa carb)
B26: Số bữa ăn mục tiêu mỗi ngày | C26: 4 | D26: Đang thử nghiệm | E26: bữa (3 bữa chính + 1 bữa phụ dinh dưỡng cao)

Sheet 03_FOOD_DATABASE
A1: CƠ SỞ DỮ LIỆU THỰC PHẨM VIỆT NAM CHO SINH VIÊN (FOOD DATABASE)
A2: LƯU Ý QUAN TRỌNG: Phân định rạch ròi Thực phẩm SỐNG (Raw) và NẤU CHÍN (Cooked). 100g gạo khô nở ra ~230g cơm trắng; 100g thịt sống ngót lại ~75-80g khi chín!
A4: Food ID | B4: Tên Thực Phẩm | C4: Nhóm Thực Phẩm | D4: Trạng Thái | E4: Đơn Vị | F4: Khẩu Phần | G4: Kcal / 100g | H4: Protein (g) | I4: Carb (g) | J4: Fat (g) | K4: Fiber (g) | L4: Giá Tham Khảo | M4: Nguồn Dữ Liệu | N4: Ghi Chú Chuyên Môn
A5: FD001 | B5: Cơm trắng (nấu chín) | C5: Tinh bột | D5: Nấu chín | E5: g | F5: 150 | G5: 130 | H5: 2.7 | I5: 28.2 | J5: 0.3 | K5: 0.4 | L5: 2500 | M5: Viện Dinh Dưỡng QG | N5: 100g gạo khô nở ra ~230g cơm trắng
A6: FD002 | B6: Gạo tẻ trắng (hạt khô) | C6: Tinh bột | D6: Khô | E6: g | F6: 100 | G6: 344 | H6: 7.6 | I6: 76.2 | J6: 0.7 | K6: 1.3 | L6: 2000 | M6: Viện Dinh Dưỡng QG | N6: Dùng khi cân gạo trước khi cắm cơm
A7: FD003 | B7: Yến mạch cán dẹt (Rolled Oats) | C7: Tinh bột | D7: Khô | E7: g | F7: 50 | G7: 389 | H7: 16.9 | I7: 66.3 | J7: 6.9 | K7: 10.6 | L7: 7000 | M7: USDA Nutrient Database | N7: Tuyệt vời để xay sinh tố tăng cân
A8: FD004 | B8: Khoai lang luộc | C8: Tinh bột | D8: Nấu chín | E8: g | F8: 150 | G8: 86 | H8: 1.6 | I8: 20.1 | J8: 0.1 | K8: 3 | L8: 3000 | M8: Viện Dinh Dưỡng QG | N8: Carb hấp thu chậm, nhiều khoáng chất
A9: FD005 | B9: Bánh mì sandwich trắng | C9: Tinh bột | D9: Đóng gói / Chế biến | E9: g | F9: 60 | G9: 265 | H9: 8.9 | I9: 49.1 | J9: 3.2 | K9: 2.7 | L9: 4000 | M9: Bao bì Kinh Đô / Staff | N9: 1 lát chuẩn ~25-30g
A10: FD006 | B10: Bánh mì ổ Việt Nam | C10: Tinh bột | D10: Đóng gói / Chế biến | E10: ổ | F10: 80 | G10: 250 | H10: 8 | I10: 52 | J10: 1.5 | K10: 2 | L10: 5000 | M10: Ước tính tiêu chuẩn | N10: 1 ổ bánh mì không ruột vừa ~80g
A11: FD007 | B11: Chuối tiêu chín | C11: Tinh bột | D11: Sống / Tươi | E11: g | F11: 100 | G11: 89 | H11: 1.1 | I11: 22.8 | J11: 0.3 | K11: 2.6 | L11: 2000 | M11: Viện Dinh Dưỡng QG | N11: 1 quả chuối vừa bỏ vỏ ~90-100g
A12: FD008 | B12: Phở tươi / Bánh phở | C12: Tinh bột | D12: Nấu chín | E12: g | F12: 150 | G12: 120 | H12: 2 | I12: 28 | J12: 0.2 | K12: 0.5 | L12: 3000 | M12: Viện Dinh Dưỡng QG | N12: Bánh phở trần nước sôi
A13: FD009 | B13: Bún tươi | C13: Tinh bột | D13: Nấu chín | E13: g | F13: 150 | G13: 110 | H13: 1.7 | I13: 25.7 | J13: 0 | K13: 0.5 | L13: 2500 | M13: Viện Dinh Dưỡng QG | N13: Hàm lượng nước cao, dễ nuốt
A14: FD010 | B14: Ngô ngọt (Bắp Mỹ luộc) | C14: Tinh bột | D14: Nấu chín | E14: g | F14: 100 | G14: 96 | H14: 3.4 | I14: 21 | J14: 1.5 | K14: 2.4 | L14: 4000 | M14: USDA Nutrient Database | N14: Vị ngọt tự nhiên, dễ ăn bữa phụ
A15: FD011 | B15: Ức gà sống (bỏ da) | C15: Nguồn đạm | D15: Sống / Tươi | E15: g | F15: 150 | G15: 120 | H15: 22.5 | I15: 0 | J15: 2.6 | K15: 0 | L15: 8000 | M15: Viện Dinh Dưỡng QG | N15: Cân khi sống, đạm tinh khiết giá rẻ
A16: FD012 | B16: Ức gà áp chảo / Luộc | C16: Nguồn đạm | D16: Nấu chín | E16: g | F16: 100 | G16: 165 | H16: 31 | I16: 0 | J16: 3.6 | K16: 0 | L16: 10500 | M16: USDA / Phép đo ngót | N16: Ngót nước ~25%, đạm đậm đặc hơn
... A46: FD042 | B46: Nước lọc tinh khiết | C46: Gia vị & Khác | D46: Đóng gói / Chế biến | E46: ml | F46: 500 | G46: 0 | H46: 0 | I46: 0 | J46: 0 | K46: 0 | L46: 1000 | M46: Quy chuẩn | N46: Uống đủ 2.5 lít/ngày

Sheet 04_RECIPE_DATABASE
A1: CÔNG THỨC MÓN ĂN TĂNG CÂN & MEAL-PREP CHO SINH VIÊN (RECIPE DATABASE)
A2: Các món mẫu [SAMPLE] được tính toán từ Food Database. Bạn có thể thêm các món gia đình thường nấu để nhập liệu nhanh hơn!
A4: Recipe ID | B4: Tên Món Ăn | C4: Danh Sách Nguyên Liệu Chi Tiết | D4: Tổng Kcal | E4: Protein (g) | F4: Carb (g) | G4: Fat (g) | H4: Khẩu Phần | I4: Kcal / Suất | J4: P / Suất | K4: C / Suất | L4: F / Suất | M4: Giá / Suất | N4: Thời Gian | O4: Hướng Dẫn Nấu & Bảo Quản
A5: RCP001 | B5: [SAMPLE] Sinh Tố Mass Tự Làm (Home-made Shake) | C5: 1 quả chuối (100g) + 220ml Sữa tươi + 40g Yến mạch + 30g Bơ đậu phộng + 15g Sữa đặc | D5: 625 | E5: 20.5 | F5: 81 | G5: 24 | H5: 1 | I5: =D5/H5 | J5: =E5/H5 | K5: =F5/H5 | L5: =G5/H5 | M5: 19000 | N5: 5 phút | O5: Cho tất cả vào máy xay sinh tố 60s. Uống bữa phụ chiều hoặc sau tập. Rất dễ nuốt!
A6: RCP002 | B6: [SAMPLE] Cơm Ức Gà Xào Nấm & Trứng Ốp La | C6: 250g Cơm trắng chín + 150g Ức gà sống xào + 1 quả Trứng gà + 5g Dầu ăn + Rau cải | D6: 680 | E6: 48 | F6: 76 | G6: 19 | H6: 1 | I6: =D6/H6 | J6: =E6/H6 | K6: =F6/H6 | L6: =G6/H6 | M6: 32000 | N6: 20 phút | O6: Xào ức gà với nấm và dầu ăn, ốp la trứng lòng đào ăn kèm cơm nóng. Chia hộp mang theo.
A7: RCP003 | B7: [SAMPLE] Bánh Mì Kẹp Trứng & Bơ Đậu Phộng | C7: 2 lát sandwich (60g) + 1 quả Trứng chiên + 20g Bơ đậu phộng | D7: 390 | E7: 17 | F7: 34 | G7: 20 | H7: 1 | I7: =D7/H7 | J7: =E7/H7 | K7: =F7/H7 | L7: =G7/H7 | M7: 12000 | N7: 7 phút | O7: Chiên trứng chín kẹp bánh mì phết bơ đậu phộng. Bữa sáng hoặc bữa phụ cực nhanh.
A8: RCP004 | B8: [SAMPLE] Yến Mạch Ngâm Sữa Chua & Chuối (Overnight) | C8: 50g Yến mạch + 1 hộp Sữa chua có đường + 100ml Sữa tươi + 1 quả chuối | D8: 430 | E8: 15 | F8: 73 | G8: 8 | H8: 1 | I8: =D8/H8 | J8: =E8/H8 | K8: =F8/H8 | L8: =G8/H8 | M8: 16000 | N8: 5 phút | O8: Trộn đều các nguyên liệu vào hũ thủy tinh, để tủ lạnh qua đêm. Sáng dậy mở ra ăn ngay.
A9: RCP005 | B9: [SAMPLE] Cơm Thịt Heo Nạc Xào Đậu Phụ Cà Chua | C9: 250g Cơm trắng + 100g Thịt heo nạc + 100g Đậu phụ + 1 quả cà chua + 5g Dầu ăn | D9: 610 | E9: 36 | F9: 75 | G9: 17 | H9: 1 | I9: =D9/H9 | J9: =E9/H9 | K9: =F9/H9 | L9: =G9/H9 | M9: 26000 | N9: 25 phút | O9: Xào thịt heo săn lại rồi cho sốt cà chua và đậu phụ om mềm. Vị chua ngọt dễ ăn nhiều cơm.
A10: RCP006 | B10: [SAMPLE] Cháo Thịt Bò Bằm & Trứng Gà Hành Hoa | C10: 70g Gạo nấu cháo (~300g cháo) + 80g Thịt bò bằm + 1 quả Trứng gà đánh tan + Hành hoa | D10: 520 | E10: 31 | F10: 58 | G10: 16 | H10: 1 | I10: =D10/H10 | J10: =E10/H10 | K10: =F10/H10 | L10: =G10/H10 | M10: 30000 | N10: 30 phút | O10: Nấu cháo nhừ, cho bò bằm xào thơm và trứng vào khuấy đều. Cực kỳ thích hợp khi đầy bụng, khó tiêu.

Sheet 05_WEEKLY_MEAL_PLAN
A1: KẾ HOẠCH THỰC ĐƠN TUẦN MẪU CHO SINH VIÊN (WEEKLY MEAL PLAN TEMPLATE)
A3: Tuần | B3: Thứ | C3: Thời Gian | D3: Bữa Ăn | E3: Tên Món Kế Hoạch | F3: Thành Phần Thực Phẩm | G3: Khẩu Phần | H3: Kcal Dự Kiến | I3: Protein (g) | J3: Carb (g) | K3: Fat (g) | L3: Chi Phí (VNĐ) | M3: Trạng Thái | N3: Phương Án Thay Thế
A4: 1 | B4: Thứ Hai | C4: 07:00 | D4: Bữa sáng | E4: Bánh mì kẹp trứng bơ đậu phộng + Sữa tươi | F4: 2 lát sandwich, 1 trứng, 20g bơ đậu phộng, 1 hộp sữa 220ml | G4: 1 suất | H4: 550 | I4: 23 | J4: 52 | K4: 27 | L4: 16000 | M4: Tự nấu tại phòng | N4: Thay bằng Bún bò / Phở bò quán quen
A5: 1 | B5: Thứ Hai | C5: 10:00 | D5: Bữa phụ sáng | E5: Chuối tiêu chín + Sữa chua có đường | F5: 1 quả chuối (100g) + 1 hộp sữa chua (100g) | G5: 1 suất | H5: 190 | I5: 4.3 | J5: 37 | K5: 3.1 | L5: 8000 | M5: Chuẩn bị sẵn | N5: Thay bằng 30g Đậu phộng rang
A6: 1 | B6: Thứ Hai | C6: 12:30 | D6: Bữa trưa | E6: Cơm ức gà xào nấm & Trứng ốp la | F6: 250g Cơm trắng, 150g Ức gà, 1 Trứng gà, rau cải | G6: 1 suất | H6: 680 | I6: 48 | J6: 76 | K6: 19 | L6: 32000 | M6: Meal-prep sẵn | N6: Thay bằng Cơm thịt heo luộc
A7: 1 | B7: Thứ Hai | C7: 16:30 | D7: Bữa phụ chiều | E7: Sinh Tố Mass Tự Làm (Pre-workout) | F7: Chuối + Yến mạch + Bơ đậu phộng + Sữa tươi | G7: 1 ly lớn | H7: 625 | I7: 20.5 | J7: 81 | K7: 24 | L7: 19000 | M7: Xay trước tập | N7: Uống sữa tươi + 1 bánh bao
A8: 1 | B8: Thứ Hai | C8: 19:30 | D8: Bữa tối | E8: Cơm thịt heo nạc xào đậu phụ cà chua | F8: 250g Cơm trắng, 100g Thịt nạc, 100g Đậu phụ, rau muống | G8: 1 suất | H8: 610 | I8: 36 | J8: 75 | K8: 17 | L8: 26000 | M8: Nấu tươi buổi tối | N8: Thay bằng Cá basa chiên sốt cà
A9: TỔNG CỘNG DỰ KIẾN (Thứ Hai) | H9: =SUM(H4:H8) | I9: =SUM(I4:I8) | J9: =SUM(J4:J8) | K9: =SUM(K4:K8) | L9: =SUM(L4:L8) | M9: ĐẠT MỤC TIÊU | N9: Năng lượng chuẩn ~2.650 kcal
A10: 1 | B10: Thứ Ba | C10: 07:00 | D10: Bữa sáng | E10: Bánh mì kẹp trứng bơ đậu phộng + Sữa tươi | F10: 2 lát sandwich, 1 trứng, 20g bơ đậu phộng, 1 hộp sữa 220ml | G10: 1 suất | H10: 550 | I10: 23 | J10: 52 | K10: 27 | L10: 16000 | M10: Tự nấu tại phòng | N10: Thay bằng Bún bò / Phở bò quán quen
A11: 1 | B11: Thứ Ba | C11: 10:00 | D11: Bữa phụ sáng | E11: Chuối tiêu chín + Sữa chua có đường | F11: 1 quả chuối (100g) + 1 hộp sữa chua (100g) | G11: 1 suất | H11: 190 | I11: 4.3 | J11: 37 | K11: 3.1 | L11: 8000 | M11: Chuẩn bị sẵn | N11: Thay bằng 30g Đậu phộng rang
A12: 1 | B12: Thứ Ba | C12: 12:30 | D12: Bữa trưa | E12: Cơm ức gà xào nấm & Trứng ốp la | F12: 250g Cơm trắng, 150g Ức gà, 1 Trứng gà, rau cải | G12: 1 suất | H12: 680 | I12: 48 | J12: 76 | K12: 19 | L12: 32000 | M12: Meal-prep sẵn | N12: Thay bằng Cơm thịt heo luộc
A13: 1 | B13: Thứ Ba | C13: 16:30 | D13: Bữa phụ chiều | E13: Sinh Tố Mass Tự Làm (Pre-workout) | F13: Chuối + Yến mạch + Bơ đậu phộng + Sữa tươi | G13: 1 ly lớn | H13: 625 | I13: 20.5 | J13: 81 | K13: 24 | L13: 19000 | M13: Xay trước tập | N13: Uống sữa tươi + 1 bánh bao
A14: 1 | B14: Thứ Ba | C14: 19:30 | D14: Bữa tối | E14: Cơm thịt heo nạc xào đậu phụ cà chua | F14: 250g Cơm trắng, 100g Thịt nạc, 100g Đậu phụ, rau muống | G14: 1 suất | H14: 610 | I14: 36 | J14: 75 | K14: 17 | L14: 26000 | M14: Nấu tươi buổi tối | N14: Thay bằng Cá basa chiên sốt cà
A15: TỔNG CỘNG DỰ KIẾN (Thứ Ba) | H15: =SUM(H10:H14) | I15: =SUM(I10:I14) | J15: =SUM(J10:J14) | K15: =SUM(K10:K14) | L15: =SUM(L10:L14) | M15: ĐẠT MỤC TIÊU | N15: Năng lượng chuẩn ~2.650 kcal
A16: 1 | B16: Thứ Tư | C16: 07:00 | D16: Bữa sáng | E16: Bánh mì kẹp trứng bơ đậu phộng + Sữa tươi | F16: 2 lát sandwich, 1 trứng, 20g bơ đậu phộng, 1 hộp sữa 220ml | G16: 1 suất | H16: 550 | I16: 23 | J16: 52 | K16: 27 | L16: 16000 | M16: Tự nấu tại phòng | N16: Thay bằng Bún bò / Phở bò quán quen
A17: 1 | B17: Thứ Tư | C17: 10:00 | D17: Bữa phụ sáng | E17: Chuối tiêu chín + Sữa chua có đường | F17: 1 quả chuối (100g) + 1 hộp sữa chua (100g) | G17: 1 suất | H17: 190 | I17: 4.3 | J17: 37 | K17: 3.1 | L17: 8000 | M17: Chuẩn bị sẵn | N17: Thay bằng 30g Đậu phộng rang
A18: 1 | B18: Thứ Tư | C18: 12:30 | D18: Bữa trưa | E18: Cơm ức gà xào nấm & Trứng ốp la | F18: 250g Cơm trắng, 150g Ức gà, 1 Trứng gà, rau cải | G18: 1 suất | H18: 680 | I18: 48 | J18: 76 | K18: 19 | L18: 32000 | M18: Meal-prep sẵn | N18: Thay bằng Cơm thịt heo luộc
A19: 1 | B19: Thứ Tư | C19: 16:30 | D19: Bữa phụ chiều | E19: Sinh Tố Mass Tự Làm (Pre-workout) | F19: Chuối + Yến mạch + Bơ đậu phộng + Sữa tươi | G19: 1 ly lớn | H19: 625 | I19: 20.5 | J19: 81 | K19: 24 | L19: 19000 | M19: Xay trước tập | N19: Uống sữa tươi + 1 bánh bao
A20: 1 | B20: Thứ Tư | C20: 19:30 | D20: Bữa tối | E20: Cơm thịt heo nạc xào đậu phụ cà chua | F20: 250g Cơm trắng, 100g Thịt nạc, 100g Đậu phụ, rau muống | G20: 1 suất | H20: 610 | I20: 36 | J20: 75 | K20: 17 | L20: 26000 | M20: Nấu tươi buổi tối | N20: Thay bằng Cá basa chiên sốt cà
A21: TỔNG CỘNG DỰ KIẾN (Thứ Tư) | H21: =SUM(H16:H20) | I21: =SUM(I16:I20) | J21: =SUM(J16:J20) | K21: =SUM(K16:K20) | L21: =SUM(L16:L20) | M21: ĐẠT MỤC TIÊU | N21: Năng lượng chuẩn ~2.650 kcal
A22: 1 | B22: Thứ Năm | C22: 07:00 | D22: Bữa sáng | E22: Bánh mì kẹp trứng bơ đậu phộng + Sữa tươi | F22: 2 lát sandwich, 1 trứng, 20g bơ đậu phộng, 1 hộp sữa 220ml | G22: 1 suất | H22: 550 | I22: 23 | J22: 52 | K22: 27 | L22: 16000 | M22: Tự nấu tại phòng | N22: Thay bằng Bún bò / Phở bò quán quen
A23: 1 | B23: Thứ Năm | C23: 10:00 | D23: Bữa phụ sáng | E23: Chuối tiêu chín + Sữa chua có đường | F23: 1 quả chuối (100g) + 1 hộp sữa chua (100g) | G23: 1 suất | H23: 190 | I23: 4.3 | J23: 37 | K23: 3.1 | L23: 8000 | M23: Chuẩn bị sẵn | N23: Thay bằng 30g Đậu phộng rang
A24: 1 | B24: Thứ Năm | C24: 12:30 | D24: Bữa trưa | E24: Cơm ức gà xào nấm & Trứng ốp la | F24: 250g Cơm trắng, 150g Ức gà, 1 Trứng gà, rau cải | G24: 1 suất | H24: 680 | I24: 48 | J24: 76 | K24: 19 | L24: 32000 | M24: Meal-prep sẵn | N24: Thay bằng Cơm thịt heo luộc
A25: 1 | B25: Thứ Năm | C25: 16:30 | D25: Bữa phụ chiều | E25: Sinh Tố Mass Tự Làm (Pre-workout) | F25: Chuối + Yến mạch + Bơ đậu phộng + Sữa tươi | G25: 1 ly lớn | H25: 625 | I25: 20.5 | J25: 81 | K25: 24 | L25: 19000 | M25: Xay trước tập | N25: Uống sữa tươi + 1 bánh bao
A26: 1 | B26: Thứ Năm | C26: 19:30 | D26: Bữa tối | E26: Cơm thịt heo nạc xào đậu phụ cà chua | F26: 250g Cơm trắng, 100g Thịt nạc, 100g Đậu phụ, rau muống | G26: 1 suất | H26: 610 | I26: 36 | J26: 75 | K26: 17 | L26: 26000 | M26: Nấu tươi buổi tối | N26: Thay bằng Cá basa chiên sốt cà
A27: TỔNG CỘNG DỰ KIẾN (Thứ Năm) | H27: =SUM(H22:H26) | I27: =SUM(I22:I26) | J27: =SUM(J22:J26) | K27: =SUM(K22:K26) | L27: =SUM(L22:L26) | M27: ĐẠT MỤC TIÊU | N27: Năng lượng chuẩn ~2.650 kcal
A28: 1 | B28: Thứ Sáu | C28: 07:00 | D28: Bữa sáng | E28: Bánh mì kẹp trứng bơ đậu phộng + Sữa tươi | F28: 2 lát sandwich, 1 trứng, 20g bơ đậu phộng, 1 hộp sữa 220ml | G28: 1 suất | H28: 550 | I28: 23 | J28: 52 | K28: 27 | L28: 16000 | M28: Tự nấu tại phòng | N28: Thay bằng Bún bò / Phở bò quán quen
A29: 1 | B29: Thứ Sáu | C29: 10:00 | D29: Bữa phụ sáng | E29: Chuối tiêu chín + Sữa chua có đường | F29: 1 quả chuối (100g) + 1 hộp sữa chua (100g) | G29: 1 suất | H29: 190 | I29: 4.3 | J29: 37 | K29: 3.1 | L29: 8000 | M29: Chuẩn bị sẵn | N29: Thay bằng 30g Đậu phộng rang
A30: 1 | B30: Thứ Sáu | C30: 12:30 | D30: Bữa trưa | E30: Cơm ức gà xào nấm & Trứng ốp la | F30: 250g Cơm trắng, 150g Ức gà, 1 Trứng gà, rau cải | G30: 1 suất | H30: 680 | I30: 48 | J30: 76 | K30: 19 | L30: 32000 | M30: Meal-prep sẵn | N30: Thay bằng Cơm thịt heo luộc
A31: 1 | B31: Thứ Sáu | C31: 16:30 | D31: Bữa phụ chiều | E31: Sinh Tố Mass Tự Làm (Pre-workout) | F31: Chuối + Yến mạch + Bơ đậu phộng + Sữa tươi | G31: 1 ly lớn | H31: 625 | I31: 20.5 | J31: 81 | K31: 24 | L31: 19000 | M31: Xay trước tập | N31: Uống sữa tươi + 1 bánh bao
A32: 1 | B32: Thứ Sáu | C32: 19:30 | D32: Bữa tối | E32: Cơm thịt heo nạc xào đậu phụ cà chua | F32: 250g Cơm trắng, 100g Thịt nạc, 100g Đậu phụ, rau muống | G32: 1 suất | H32: 610 | I32: 36 | J32: 75 | K32: 17 | L32: 26000 | M32: Nấu tươi buổi tối | N32: Thay bằng Cá basa chiên sốt cà
A33: TỔNG CỘNG DỰ KIẾN (Thứ Sáu) | H33: =SUM(H28:H32) | I33: =SUM(I28:I32) | J33: =SUM(J28:J32) | K33: =SUM(K28:K32) | L33: =SUM(L28:L32) | M33: ĐẠT MỤC TIÊU | N33: Năng lượng chuẩn ~2.650 kcal
A34: 1 | B34: Thứ Bảy | C34: 07:00 | D34: Bữa sáng | E34: Bánh mì kẹp trứng bơ đậu phộng + Sữa tươi | F34: 2 lát sandwich, 1 trứng, 20g bơ đậu phộng, 1 hộp sữa 220ml | G34: 1 suất | H34: 550 | I34: 23 | J34: 52 | K34: 27 | L34: 16000 | M34: Tự nấu tại phòng | N34: Thay bằng Bún bò / Phở bò quán quen
A35: 1 | B35: Thứ Bảy | C35: 10:00 | D35: Bữa phụ sáng | E35: Chuối tiêu chín + Sữa chua có đường | F35: 1 quả chuối (100g) + 1 hộp sữa chua (100g) | G35: 1 suất | H35: 190 | I35: 4.3 | J35: 37 | K35: 3.1 | L35: 8000 | M35: Chuẩn bị sẵn | N35: Thay bằng 30g Đậu phộng rang
A36: 1 | B36: Thứ Bảy | C36: 12:30 | D36: Bữa trưa | E36: Cơm ức gà xào nấm & Trứng ốp la | F36: 250g Cơm trắng, 150g Ức gà, 1 Trứng gà, rau cải | G36: 1 suất | H36: 680 | I36: 48 | J36: 76 | K36: 19 | L36: 32000 | M36: Meal-prep sẵn | N36: Thay bằng Cơm thịt heo luộc
A37: 1 | B37: Thứ Bảy | C37: 16:30 | D37: Bữa phụ chiều | E37: Sinh Tố Mass Tự Làm (Pre-workout) | F37: Chuối + Yến mạch + Bơ đậu phộng + Sữa tươi | G37: 1 ly lớn | H37: 625 | I37: 20.5 | J37: 81 | K37: 24 | L37: 19000 | M37: Xay trước tập | N37: Uống sữa tươi + 1 bánh bao
A38: 1 | B38: Thứ Bảy | C38: 19:30 | D38: Bữa tối | E38: Cơm thịt heo nạc xào đậu phụ cà chua | F38: 250g Cơm trắng, 100g Thịt nạc, 100g Đậu phụ, rau muống | G38: 1 suất | H38: 610 | I38: 36 | J38: 75 | K38: 17 | L38: 26000 | M38: Nấu tươi buổi tối | N38: Thay bằng Cá basa chiên sốt cà
A39: TỔNG CỘNG DỰ KIẾN (Thứ Bảy) | H39: =SUM(H34:H38) | I39: =SUM(I34:I38) | J39: =SUM(J34:J38) | K39: =SUM(K34:K38) | L39: =SUM(L34:L38) | M39: ĐẠT MỤC TIÊU | N39: Năng lượng chuẩn ~2.650 kcal
A40: 1 | B40: Chủ Nhật | C40: 07:00 | D40: Bữa sáng | E40: Bánh mì kẹp trứng bơ đậu phộng + Sữa tươi | F40: 2 lát sandwich, 1 trứng, 20g bơ đậu phộng, 1 hộp sữa 220ml | G40: 1 suất | H40: 550 | I40: 23 | J40: 52 | K40: 27 | L40: 16000 | M40: Tự nấu tại phòng | N40: Thay bằng Bún bò / Phở bò quán quen
A41: 1 | B41: Chủ Nhật | C41: 10:00 | D41: Bữa phụ sáng | E41: Chuối tiêu chín + Sữa chua có đường | F41: 1 quả chuối (100g) + 1 hộp sữa chua (100g) | G41: 1 suất | H41: 190 | I41: 4.3 | J41: 37 | K41: 3.1 | L41: 8000 | M41: Chuẩn bị sẵn | N41: Thay bằng 30g Đậu phộng rang
A42: 1 | B42: Chủ Nhật | C42: 12:30 | D42: Bữa trưa | E42: Cơm ức gà xào nấm & Trứng ốp la | F42: 250g Cơm trắng, 150g Ức gà, 1 Trứng gà, rau cải | G42: 1 suất | H42: 680 | I42: 48 | J42: 76 | K42: 19 | L42: 32000 | M42: Meal-prep sẵn | N42: Thay bằng Cơm thịt heo luộc
A43: 1 | B43: Chủ Nhật | C43: 16:30 | D43: Bữa phụ chiều | E43: Sinh Tố Mass Tự Làm (Pre-workout) | F43: Chuối + Yến mạch + Bơ đậu phộng + Sữa tươi | G43: 1 ly lớn | H43: 625 | I43: 20.5 | J43: 81 | K43: 24 | L43: 19000 | M43: Xay trước tập | N43: Uống sữa tươi + 1 bánh bao
A44: 1 | B44: Chủ Nhật | C44: 19:30 | D44: Bữa tối | E44: Cơm thịt heo nạc xào đậu phụ cà chua | F44: 250g Cơm trắng, 100g Thịt nạc, 100g Đậu phụ, rau muống | G44: 1 suất | H44: 610 | I44: 36 | J44: 75 | K44: 17 | L44: 26000 | M44: Nấu tươi buổi tối | N44: Thay bằng Cá basa chiên sốt cà
A45: TỔNG CỘNG DỰ KIẾN (Chủ Nhật) | H45: =SUM(H40:H44) | I45: =SUM(I40:I44) | J45: =SUM(J40:J44) | K45: =SUM(K40:K44) | L45: =SUM(L40:L44) | M45: ĐẠT MỤC TIÊU | N45: Năng lượng chuẩn ~2.650 kcal

Sheet 06_DAILY_NUTRITION_LOG
A1: NHẬT KÝ ĂN UỐNG THỰC TẾ CHI TIẾT (MEAL LOG ENTRIES) | N1: BẢNG TỔNG HỢP THEO NGÀY (DAILY NUTRITION ROLLUP)
A2: Nhập khối lượng và tên món. Kcal, Protein, Carb, Fat được tính TỰ ĐỘNG từ Database. Chọn Mức độ tin cậy để đánh giá tính chuẩn xác. | N2: Quy tắc an toàn: Ngày CHƯA NHẬP sẽ để trống calo, KHÔNG BAO GIỜ tính là 0 calo để tránh làm lệch số liệu trung bình tuần!
A4: Ngày | B4: Bữa Ăn | C4: Món Ăn / Thực Phẩm | D4: Khối Lượng | E4: Đơn Vị | F4: Kcal | G4: Protein (g) | H4: Carb (g) | I4: Fat (g) | J4: Chi Phí | K4: Mức Độ Tin Cậy | L4: Ghi Chú | N4: Ngày Tổng Hợp | O4: Thứ | P4: Tổng Kcal | Q4: Tổng Đạm (g) | R4: Tổng Carb (g) | S4: Tổng Fat (g) | T4: Tổng Chi Phí | U4: Số Bữa | V4: Trạng Thái Ngày | W4: % Đạt Kcal | X4: % Đạt Protein
A5: 46314 | B5: Bữa sáng | C5: Bánh mì sandwich trắng | D5: 60 | E5: g | F5: =IF(OR(C5="", D5=""), "", IFERROR(VLOOKUP(C5, '03_FOOD_DATABASE'!$B$5:$L$60, 6, FALSE)*D5/100, IFERROR(VLOOKUP(C5, '04_RECIPE_DATABASE'!$B$5:$M$20, 8, FALSE)*D5, 0))) | G5: =IF(OR(C5="", D5=""), "", IFERROR(VLOOKUP(C5, '03_FOOD_DATABASE'!$B$5:$L$60, 7, FALSE)*D5/100, IFERROR(VLOOKUP(C5, '04_RECIPE_DATABASE'!$B$5:$M$20, 9, FALSE)*D5, 0))) | H5: =IF(OR(C5="", D5=""), "", IFERROR(VLOOKUP(C5, '03_FOOD_DATABASE'!$B$5:$L$60, 8, FALSE)*D5/100, IFERROR(VLOOKUP(C5, '04_RECIPE_DATABASE'!$B$5:$M$20, 10, FALSE)*D5, 0))) | I5: =IF(OR(C5="", D5=""), "", IFERROR(VLOOKUP(C5, '03_FOOD_DATABASE'!$B$5:$L$60, 9, FALSE)*D5/100, IFERROR(VLOOKUP(C5, '04_RECIPE_DATABASE'!$B$5:$M$20, 11, FALSE)*D5, 0))) | J5: =IF(OR(C5="", D5=""), "", IFERROR(VLOOKUP(C5, '03_FOOD_DATABASE'!$B$5:$L$60, 11, FALSE)*D5/100, IFERROR(VLOOKUP(C5, '04_RECIPE_DATABASE'!$B$5:$M$20, 12, FALSE)*D5, 0))) | K5: Đã cân thực tế (Cân điện tử) | L5: 2 lát sandwich | N5: 46314 | O5: =TEXT(N5, "dddd") | P5: =IF(U5=0, "", SUMIFS($F$5:$F$1500, $A$5:$A$1500, N5)) | Q5: =IF(U5=0, "", SUMIFS($G$5:$G$1500, $A$5:$A$1500, N5)) | R5: =IF(U5=0, "", SUMIFS($H$5:$H$1500, $A$5:$A$1500, N5)) | S5: =IF(U5=0, "", SUMIFS($I$5:$I$1500, $A$5:$A$1500, N5)) | T5: =IF(U5=0, "", SUMIFS($J$5:$J$1500, $A$5:$A$1500, N5)) | U5: =COUNTIFS($A$5:$A$1500, N5) | V5: =IF(U5=0, "CHƯA NHẬP", IF(U5<3, "INCOMPLETE (Chưa đủ bữa)", "COMPLETE (Đầy đủ)")) | W5: =IF(P5="", "", P5/'02_NUTRITION_SETUP'!$C$20) | X5: =IF(Q5="", "", Q5/'02_NUTRITION_SETUP'!$C$21)
A6: 46314 | B6: Bữa sáng | C6: Trứng gà công nghiệp (1 quả ~50g) | D6: 2 | E6: quả | F6: =IF(OR(C6="", D6=""), "", IFERROR(VLOOKUP(C6, '03_FOOD_DATABASE'!$B$5:$L$60, 6, FALSE)*D6/100, IFERROR(VLOOKUP(C6, '04_RECIPE_DATABASE'!$B$5:$M$20, 8, FALSE)*D6, 0))) | G6: =IF(OR(C6="", D6=""), "", IFERROR(VLOOKUP(C6, '03_FOOD_DATABASE'!$B$5:$L$60, 7, FALSE)*D6/100, IFERROR(VLOOKUP(C6, '04_RECIPE_DATABASE'!$B$5:$M$20, 9, FALSE)*D6, 0))) | H6: =IF(OR(C6="", D6=""), "", IFERROR(VLOOKUP(C6, '03_FOOD_DATABASE'!$B$5:$L$60, 8, FALSE)*D6/100, IFERROR(VLOOKUP(C6, '04_RECIPE_DATABASE'!$B$5:$M$20, 10, FALSE)*D6, 0))) | I6: =IF(OR(C6="", D6=""), "", IFERROR(VLOOKUP(C6, '03_FOOD_DATABASE'!$B$5:$L$60, 9, FALSE)*D6/100, IFERROR(VLOOKUP(C6, '04_RECIPE_DATABASE'!$B$5:$M$20, 11, FALSE)*D6, 0))) | J6: =IF(OR(C6="", D6=""), "", IFERROR(VLOOKUP(C6, '03_FOOD_DATABASE'!$B$5:$L$60, 11, FALSE)*D6/100, IFERROR(VLOOKUP(C6, '04_RECIPE_DATABASE'!$B$5:$M$20, 12, FALSE)*D6, 0))) | K6: Đã cân thực tế (Cân điện tử) | L6: 2 quả ốp la | N6: 46315 | O6: =TEXT(N6, "dddd") | P6: =IF(U6=0, "", SUMIFS($F$5:$F$1500, $A$5:$A$1500, N6)) | Q6: =IF(U6=0, "", SUMIFS($G$5:$G$1500, $A$5:$A$1500, N6)) | R6: =IF(U6=0, "", SUMIFS($H$5:$H$1500, $A$5:$A$1500, N6)) | S6: =IF(U6=0, "", SUMIFS($I$5:$I$1500, $A$5:$A$1500, N6)) | T6: =IF(U6=0, "", SUMIFS($J$5:$J$1500, $A$5:$A$1500, N6)) | U6: =COUNTIFS($A$5:$A$1500, N6) | V6: =IF(U6=0, "CHƯA NHẬP", IF(U6<3, "INCOMPLETE (Chưa đủ bữa)", "COMPLETE (Đầy đủ)")) | W6: =IF(P6="", "", P6/'02_NUTRITION_SETUP'!$C$20) | X6: =IF(Q6="", "", Q6/'02_NUTRITION_SETUP'!$C$21)
A7: 46314 | B7: Bữa sáng | C7: Bơ đậu phộng (Peanut Butter) | D7: 20 | E7: g | F7: =IF(OR(C7="", D7=""), "", IFERROR(VLOOKUP(C7, '03_FOOD_DATABASE'!$B$5:$L$60, 6, FALSE)*D7/100, IFERROR(VLOOKUP(C7, '04_RECIPE_DATABASE'!$B$5:$M$20, 8, FALSE)*D7, 0))) | G7: =IF(OR(C7="", D7=""), "", IFERROR(VLOOKUP(C7, '03_FOOD_DATABASE'!$B$5:$L$60, 7, FALSE)*D7/100, IFERROR(VLOOKUP(C7, '04_RECIPE_DATABASE'!$B$5:$M$20, 9, FALSE)*D7, 0))) | H7: =IF(OR(C7="", D7=""), "", IFERROR(VLOOKUP(C7, '03_FOOD_DATABASE'!$B$5:$L$60, 8, FALSE)*D7/100, IFERROR(VLOOKUP(C7, '04_RECIPE_DATABASE'!$B$5:$M$20, 10, FALSE)*D7, 0))) | I7: =IF(OR(C7="", D7=""), "", IFERROR(VLOOKUP(C7, '03_FOOD_DATABASE'!$B$5:$L$60, 9, FALSE)*D7/100, IFERROR(VLOOKUP(C7, '04_RECIPE_DATABASE'!$B$5:$M$20, 11, FALSE)*D7, 0))) | J7: =IF(OR(C7="", D7=""), "", IFERROR(VLOOKUP(C7, '03_FOOD_DATABASE'!$B$5:$L$60, 11, FALSE)*D7/100, IFERROR(VLOOKUP(C7, '04_RECIPE_DATABASE'!$B$5:$M$20, 12, FALSE)*D7, 0))) | K7: Đã cân thực tế (Cân điện tử) | L7: Phết bánh mì | N7: 46316 | O7: =TEXT(N7, "dddd") | P7: =IF(U7=0, "", SUMIFS($F$5:$F$1500, $A$5:$A$1500, N7)) | Q7: =IF(U7=0, "", SUMIFS($G$5:$G$1500, $A$5:$A$1500, N7)) | R7: =IF(U7=0, "", SUMIFS($H$5:$H$1500, $A$5:$A$1500, N7)) | S7: =IF(U7=0, "", SUMIFS($I$5:$I$1500, $A$5:$A$1500, N7)) | T7: =IF(U7=0, "", SUMIFS($J$5:$J$1500, $A$5:$A$1500, N7)) | U7: =COUNTIFS($A$5:$A$1500, N7) | V7: =IF(U7=0, "CHƯA NHẬP", IF(U7<3, "INCOMPLETE (Chưa đủ bữa)", "COMPLETE (Đầy đủ)")) | W7: =IF(P7="", "", P7/'02_NUTRITION_SETUP'!$C$20) | X7: =IF(Q7="", "", Q7/'02_NUTRITION_SETUP'!$C$21)
A8: 46314 | B8: Bữa sáng | C8: Sữa tươi có đường (Vinamilk) | D8: 220 | E8: ml | F8: =IF(OR(C8="", D8=""), "", IFERROR(VLOOKUP(C8, '03_FOOD_DATABASE'!$B$5:$L$60, 6, FALSE)*D8/100, IFERROR(VLOOKUP(C8, '04_RECIPE_DATABASE'!$B$5:$M$20, 8, FALSE)*D8, 0))) | G8: =IF(OR(C8="", D8=""), "", IFERROR(VLOOKUP(C8, '03_FOOD_DATABASE'!$B$5:$L$60, 7, FALSE)*D8/100, IFERROR(VLOOKUP(C8, '04_RECIPE_DATABASE'!$B$5:$M$20, 9, FALSE)*D8, 0))) | H8: =IF(OR(C8="", D8=""), "", IFERROR(VLOOKUP(C8, '03_FOOD_DATABASE'!$B$5:$L$60, 8, FALSE)*D8/100, IFERROR(VLOOKUP(C8, '04_RECIPE_DATABASE'!$B$5:$M$20, 10, FALSE)*D8, 0))) | I8: =IF(OR(C8="", D8=""), "", IFERROR(VLOOKUP(C8, '03_FOOD_DATABASE'!$B$5:$L$60, 9, FALSE)*D8/100, IFERROR(VLOOKUP(C8, '04_RECIPE_DATABASE'!$B$5:$M$20, 11, FALSE)*D8, 0))) | J8: =IF(OR(C8="", D8=""), "", IFERROR(VLOOKUP(C8, '03_FOOD_DATABASE'!$B$5:$L$60, 11, FALSE)*D8/100, IFERROR(VLOOKUP(C8, '04_RECIPE_DATABASE'!$B$5:$M$20, 12, FALSE)*D8, 0))) | K8: Đã cân thực tế (Cân điện tử) | L8: 1 hộp 220ml | N8: 46317 | O8: =TEXT(N8, "dddd") | P8: =IF(U8=0, "", SUMIFS($F$5:$F$1500, $A$5:$A$1500, N8)) | Q8: =IF(U8=0, "", SUMIFS($G$5:$G$1500, $A$5:$A$1500, N8)) | R8: =IF(U8=0, "", SUMIFS($H$5:$H$1500, $A$5:$A$1500, N8)) | S8: =IF(U8=0, "", SUMIFS($I$5:$I$1500, $A$5:$A$1500, N8)) | T8: =IF(U8=0, "", SUMIFS($J$5:$J$1500, $A$5:$A$1500, N8)) | U8: =COUNTIFS($A$5:$A$1500, N8) | V8: =IF(U8=0, "CHƯA NHẬP", IF(U8<3, "INCOMPLETE (Chưa đủ bữa)", "COMPLETE (Đầy đủ)")) | W8: =IF(P8="", "", P8/'02_NUTRITION_SETUP'!$C$20) | X8: =IF(Q8="", "", Q8/'02_NUTRITION_SETUP'!$C$21)
A9: 46314 | B9: Bữa phụ sáng | C9: Chuối tiêu chín | D9: 100 | E9: g | F9: =IF(OR(C9="", D9=""), "", IFERROR(VLOOKUP(C9, '03_FOOD_DATABASE'!$B$5:$L$60, 6, FALSE)*D9/100, IFERROR(VLOOKUP(C9, '04_RECIPE_DATABASE'!$B$5:$M$20, 8, FALSE)*D9, 0))) | G9: =IF(OR(C9="", D9=""), "", IFERROR(VLOOKUP(C9, '03_FOOD_DATABASE'!$B$5:$L$60, 7, FALSE)*D9/100, IFERROR(VLOOKUP(C9, '04_RECIPE_DATABASE'!$B$5:$M$20, 9, FALSE)*D9, 0))) | H9: =IF(OR(C9="", D9=""), "", IFERROR(VLOOKUP(C9, '03_FOOD_DATABASE'!$B$5:$L$60, 8, FALSE)*D9/100, IFERROR(VLOOKUP(C9, '04_RECIPE_DATABASE'!$B$5:$M$20, 10, FALSE)*D9, 0))) | I9: =IF(OR(C9="", D9=""), "", IFERROR(VLOOKUP(C9, '03_FOOD_DATABASE'!$B$5:$L$60, 9, FALSE)*D9/100, IFERROR(VLOOKUP(C9, '04_RECIPE_DATABASE'!$B$5:$M$20, 11, FALSE)*D9, 0))) | J9: =IF(OR(C9="", D9=""), "", IFERROR(VLOOKUP(C9, '03_FOOD_DATABASE'!$B$5:$L$60, 11, FALSE)*D9/100, IFERROR(VLOOKUP(C9, '04_RECIPE_DATABASE'!$B$5:$M$20, 12, FALSE)*D9, 0))) | K9: Ước lượng khẩu phần chuẩn | L9: 1 quả chuối vừa | N9: 46318 | O9: =TEXT(N9, "dddd") | P9: =IF(U9=0, "", SUMIFS($F$5:$F$1500, $A$5:$A$1500, N9)) | Q9: =IF(U9=0, "", SUMIFS($G$5:$G$1500, $A$5:$A$1500, N9)) | R9: =IF(U9=0, "", SUMIFS($H$5:$H$1500, $A$5:$A$1500, N9)) | S9: =IF(U9=0, "", SUMIFS($I$5:$I$1500, $A$5:$A$1500, N9)) | T9: =IF(U9=0, "", SUMIFS($J$5:$J$1500, $A$5:$A$1500, N9)) | U9: =COUNTIFS($A$5:$A$1500, N9) | V9: =IF(U9=0, "CHƯA NHẬP", IF(U9<3, "INCOMPLETE (Chưa đủ bữa)", "COMPLETE (Đầy đủ)")) | W9: =IF(P9="", "", P9/'02_NUTRITION_SETUP'!$C$20) | X9: =IF(Q9="", "", Q9/'02_NUTRITION_SETUP'!$C$21)
A10: 46314 | B10: Bữa trưa | C10: Cơm trắng (nấu chín) | D10: 250 | E10: g | F10: =IF(OR(C10="", D10=""), "", IFERROR(VLOOKUP(C10, '03_FOOD_DATABASE'!$B$5:$L$60, 6, FALSE)*D10/100, IFERROR(VLOOKUP(C10, '04_RECIPE_DATABASE'!$B$5:$M$20, 8, FALSE)*D10, 0))) | G10: =IF(OR(C10="", D10=""), "", IFERROR(VLOOKUP(C10, '03_FOOD_DATABASE'!$B$5:$L$60, 7, FALSE)*D10/100, IFERROR(VLOOKUP(C10, '04_RECIPE_DATABASE'!$B$5:$M$20, 9, FALSE)*D10, 0))) | H10: =IF(OR(C10="", D10=""), "", IFERROR(VLOOKUP(C10, '03_FOOD_DATABASE'!$B$5:$L$60, 8, FALSE)*D10/100, IFERROR(VLOOKUP(C10, '04_RECIPE_DATABASE'!$B$5:$M$20, 10, FALSE)*D10, 0))) | I10: =IF(OR(C10="", D10=""), "", IFERROR(VLOOKUP(C10, '03_FOOD_DATABASE'!$B$5:$L$60, 9, FALSE)*D10/100, IFERROR(VLOOKUP(C10, '04_RECIPE_DATABASE'!$B$5:$M$20, 11, FALSE)*D10, 0))) | J10: =IF(OR(C10="", D10=""), "", IFERROR(VLOOKUP(C10, '03_FOOD_DATABASE'!$B$5:$L$60, 11, FALSE)*D10/100, IFERROR(VLOOKUP(C10, '04_RECIPE_DATABASE'!$B$5:$M$20, 12, FALSE)*D10, 0))) | K10: Đã cân thực tế (Cân điện tử) | L10: 1 bát tô đầy | N10: 46319 | O10: =TEXT(N10, "dddd") | P10: =IF(U10=0, "", SUMIFS($F$5:$F$1500, $A$5:$A$1500, N10)) | Q10: =IF(U10=0, "", SUMIFS($G$5:$G$1500, $A$5:$A$1500, N10)) | R10: =IF(U10=0, "", SUMIFS($H$5:$H$1500, $A$5:$A$1500, N10)) | S10: =IF(U10=0, "", SUMIFS($I$5:$I$1500, $A$5:$A$1500, N10)) | T10: =IF(U10=0, "", SUMIFS($J$5:$J$1500, $A$5:$A$1500, N10)) | U10: =COUNTIFS($A$5:$A$1500, N10) | V10: =IF(U10=0, "CHƯA NHẬP", IF(U10<3, "INCOMPLETE (Chưa đủ bữa)", "COMPLETE (Đầy đủ)")) | W10: =IF(P10="", "", P10/'02_NUTRITION_SETUP'!$C$20) | X10: =IF(Q10="", "", Q10/'02_NUTRITION_SETUP'!$C$21)
A11: 46314 | B11: Bữa trưa | C11: Ức gà áp chảo / Luộc | D11: 150 | E11: g | F11: =IF(OR(C11="", D11=""), "", IFERROR(VLOOKUP(C11, '03_FOOD_DATABASE'!$B$5:$L$60, 6, FALSE)*D11/100, IFERROR(VLOOKUP(C11, '04_RECIPE_DATABASE'!$B$5:$M$20, 8, FALSE)*D11, 0))) | G11: =IF(OR(C11="", D11=""), "", IFERROR(VLOOKUP(C11, '03_FOOD_DATABASE'!$B$5:$L$60, 7, FALSE)*D11/100, IFERROR(VLOOKUP(C11, '04_RECIPE_DATABASE'!$B$5:$M$20, 9, FALSE)*D11, 0))) | H11: =IF(OR(C11="", D11=""), "", IFERROR(VLOOKUP(C11, '03_FOOD_DATABASE'!$B$5:$L$60, 8, FALSE)*D11/100, IFERROR(VLOOKUP(C11, '04_RECIPE_DATABASE'!$B$5:$M$20, 10, FALSE)*D11, 0))) | I11: =IF(OR(C11="", D11=""), "", IFERROR(VLOOKUP(C11, '03_FOOD_DATABASE'!$B$5:$L$60, 9, FALSE)*D11/100, IFERROR(VLOOKUP(C11, '04_RECIPE_DATABASE'!$B$5:$M$20, 11, FALSE)*D11, 0))) | J11: =IF(OR(C11="", D11=""), "", IFERROR(VLOOKUP(C11, '03_FOOD_DATABASE'!$B$5:$L$60, 11, FALSE)*D11/100, IFERROR(VLOOKUP(C11, '04_RECIPE_DATABASE'!$B$5:$M$20, 12, FALSE)*D11, 0))) | K11: Đã cân thực tế (Cân điện tử) | L11: Ức gà luộc xé | N11: 46320 | O11: =TEXT(N11, "dddd") | P11: =IF(U11=0, "", SUMIFS($F$5:$F$1500, $A$5:$A$1500, N11)) | Q11: =IF(U11=0, "", SUMIFS($G$5:$G$1500, $A$5:$A$1500, N11)) | R11: =IF(U11=0, "", SUMIFS($H$5:$H$1500, $A$5:$A$1500, N11)) | S11: =IF(U11=0, "", SUMIFS($I$5:$I$1500, $A$5:$A$1500, N11)) | T11: =IF(U11=0, "", SUMIFS($J$5:$J$1500, $A$5:$A$1500, N11)) | U11: =COUNTIFS($A$5:$A$1500, N11) | V11: =IF(U11=0, "CHƯA NHẬP", IF(U11<3, "INCOMPLETE (Chưa đủ bữa)", "COMPLETE (Đầy đủ)")) | W11: =IF(P11="", "", P11/'02_NUTRITION_SETUP'!$C$20) | X11: =IF(Q11="", "", Q11/'02_NUTRITION_SETUP'!$C$21)
A12: 46314 | B12: Bữa trưa | C12: Rau muống luộc | D12: 150 | E12: g | F12: =IF(OR(C12="", D12=""), "", IFERROR(VLOOKUP(C12, '03_FOOD_DATABASE'!$B$5:$L$60, 6, FALSE)*D12/100, IFERROR(VLOOKUP(C12, '04_RECIPE_DATABASE'!$B$5:$M$20, 8, FALSE)*D12, 0))) | G12: =IF(OR(C12="", D12=""), "", IFERROR(VLOOKUP(C12, '03_FOOD_DATABASE'!$B$5:$L$60, 7, FALSE)*D12/100, IFERROR(VLOOKUP(C12, '04_RECIPE_DATABASE'!$B$5:$M$20, 9, FALSE)*D12, 0))) | H12: =IF(OR(C12="", D12=""), "", IFERROR(VLOOKUP(C12, '03_FOOD_DATABASE'!$B$5:$L$60, 8, FALSE)*D12/100, IFERROR(VLOOKUP(C12, '04_RECIPE_DATABASE'!$B$5:$M$20, 10, FALSE)*D12, 0))) | I12: =IF(OR(C12="", D12=""), "", IFERROR(VLOOKUP(C12, '03_FOOD_DATABASE'!$B$5:$L$60, 9, FALSE)*D12/100, IFERROR(VLOOKUP(C12, '04_RECIPE_DATABASE'!$B$5:$M$20, 11, FALSE)*D12, 0))) | J12: =IF(OR(C12="", D12=""), "", IFERROR(VLOOKUP(C12, '03_FOOD_DATABASE'!$B$5:$L$60, 11, FALSE)*D12/100, IFERROR(VLOOKUP(C12, '04_RECIPE_DATABASE'!$B$5:$M$20, 12, FALSE)*D12, 0))) | K12: Ước lượng khẩu phần chuẩn | L12: 1 đĩa rau muống | N12: 46321 | O12: =TEXT(N12, "dddd") | P12: =IF(U12=0, "", SUMIFS($F$5:$F$1500, $A$5:$A$1500, N12)) | Q12: =IF(U12=0, "", SUMIFS($G$5:$G$1500, $A$5:$A$1500, N12)) | R12: =IF(U12=0, "", SUMIFS($H$5:$H$1500, $A$5:$A$1500, N12)) | S12: =IF(U12=0, "", SUMIFS($I$5:$I$1500, $A$5:$A$1500, N12)) | T12: =IF(U12=0, "", SUMIFS($J$5:$J$1500, $A$5:$A$1500, N12)) | U12: =COUNTIFS($A$5:$A$1500, N12) | V12: =IF(U12=0, "CHƯA NHẬP", IF(U12<3, "INCOMPLETE (Chưa đủ bữa)", "COMPLETE (Đầy đủ)")) | W12: =IF(P12="", "", P12/'02_NUTRITION_SETUP'!$C$20) | X12: =IF(Q12="", "", Q12/'02_NUTRITION_SETUP'!$C$21)
A13: 46314 | B13: Bữa phụ chiều | C13: [SAMPLE] Sinh Tố Mass Tự Làm (Home-made Shake) | D13: 1 | E13: suất | F13: =IF(OR(C13="", D13=""), "", IFERROR(VLOOKUP(C13, '03_FOOD_DATABASE'!$B$5:$L$60, 6, FALSE)*D13/100, IFERROR(VLOOKUP(C13, '04_RECIPE_DATABASE'!$B$5:$M$20, 8, FALSE)*D13, 0))) | G13: =IF(OR(C13="", D13=""), "", IFERROR(VLOOKUP(C13, '03_FOOD_DATABASE'!$B$5:$L$60, 7, FALSE)*D13/100, IFERROR(VLOOKUP(C13, '04_RECIPE_DATABASE'!$B$5:$M$20, 9, FALSE)*D13, 0))) | H13: =IF(OR(C13="", D13=""), "", IFERROR(VLOOKUP(C13, '03_FOOD_DATABASE'!$B$5:$L$60, 8, FALSE)*D13/100, IFERROR(VLOOKUP(C13, '04_RECIPE_DATABASE'!$B$5:$M$20, 10, FALSE)*D13, 0))) | I13: =IF(OR(C13="", D13=""), "", IFERROR(VLOOKUP(C13, '03_FOOD_DATABASE'!$B$5:$L$60, 9, FALSE)*D13/100, IFERROR(VLOOKUP(C13, '04_RECIPE_DATABASE'!$B$5:$M$20, 11, FALSE)*D13, 0))) | J13: =IF(OR(C13="", D13=""), "", IFERROR(VLOOKUP(C13, '03_FOOD_DATABASE'!$B$5:$L$60, 11, FALSE)*D13/100, IFERROR(VLOOKUP(C13, '04_RECIPE_DATABASE'!$B$5:$M$20, 12, FALSE)*D13, 0))) | K13: Đã cân thực tế (Cân điện tử) | L13: Xay sinh tố trước tập | N13: 46322 | O13: =TEXT(N13, "dddd") | P13: =IF(U13=0, "", SUMIFS($F$5:$F$1500, $A$5:$A$1500, N13)) | Q13: =IF(U13=0, "", SUMIFS($G$5:$G$1500, $A$5:$A$1500, N13)) | R13: =IF(U13=0, "", SUMIFS($H$5:$H$1500, $A$5:$A$1500, N13)) | S13: =IF(U13=0, "", SUMIFS($I$5:$I$1500, $A$5:$A$1500, N13)) | T13: =IF(U13=0, "", SUMIFS($J$5:$J$1500, $A$5:$A$1500, N13)) | U13: =COUNTIFS($A$5:$A$1500, N13) | V13: =IF(U13=0, "CHƯA NHẬP", IF(U13<3, "INCOMPLETE (Chưa đủ bữa)", "COMPLETE (Đầy đủ)")) | W13: =IF(P13="", "", P13/'02_NUTRITION_SETUP'!$C$20) | X13: =IF(Q13="", "", Q13/'02_NUTRITION_SETUP'!$C$21)
A14: 46314 | B14: Bữa tối | C14: Cơm trắng (nấu chín) | D14: 250 | E14: g | F14: =IF(OR(C14="", D14=""), "", IFERROR(VLOOKUP(C14, '03_FOOD_DATABASE'!$B$5:$L$60, 6, FALSE)*D14/100, IFERROR(VLOOKUP(C14, '04_RECIPE_DATABASE'!$B$5:$M$20, 8, FALSE)*D14, 0))) | G14: =IF(OR(C14="", D14=""), "", IFERROR(VLOOKUP(C14, '03_FOOD_DATABASE'!$B$5:$L$60, 7, FALSE)*D14/100, IFERROR(VLOOKUP(C14, '04_RECIPE_DATABASE'!$B$5:$M$20, 9, FALSE)*D14, 0))) | H14: =IF(OR(C14="", D14=""), "", IFERROR(VLOOKUP(C14, '03_FOOD_DATABASE'!$B$5:$L$60, 8, FALSE)*D14/100, IFERROR(VLOOKUP(C14, '04_RECIPE_DATABASE'!$B$5:$M$20, 10, FALSE)*D14, 0))) | I14: =IF(OR(C14="", D14=""), "", IFERROR(VLOOKUP(C14, '03_FOOD_DATABASE'!$B$5:$L$60, 9, FALSE)*D14/100, IFERROR(VLOOKUP(C14, '04_RECIPE_DATABASE'!$B$5:$M$20, 11, FALSE)*D14, 0))) | J14: =IF(OR(C14="", D14=""), "", IFERROR(VLOOKUP(C14, '03_FOOD_DATABASE'!$B$5:$L$60, 11, FALSE)*D14/100, IFERROR(VLOOKUP(C14, '04_RECIPE_DATABASE'!$B$5:$M$20, 12, FALSE)*D14, 0))) | K14: Đã cân thực tế (Cân điện tử) | L14: Cơm nóng | N14: 46323 | O14: =TEXT(N14, "dddd") | P14: =IF(U14=0, "", SUMIFS($F$5:$F$1500, $A$5:$A$1500, N14)) | Q14: =IF(U14=0, "", SUMIFS($G$5:$G$1500, $A$5:$A$1500, N14)) | R14: =IF(U14=0, "", SUMIFS($H$5:$H$1500, $A$5:$A$1500, N14)) | S14: =IF(U14=0, "", SUMIFS($I$5:$I$1500, $A$5:$A$1500, N14)) | T14: =IF(U14=0, "", SUMIFS($J$5:$J$1500, $A$5:$A$1500, N14)) | U14: =COUNTIFS($A$5:$A$1500, N14) | V14: =IF(U14=0, "CHƯA NHẬP", IF(U14<3, "INCOMPLETE (Chưa đủ bữa)", "COMPLETE (Đầy đủ)")) | W14: =IF(P14="", "", P14/'02_NUTRITION_SETUP'!$C$20) | X14: =IF(Q14="", "", Q14/'02_NUTRITION_SETUP'!$C$21)
A15: 46314 | B15: Bữa tối | C15: Thịt heo nạc luộc | D15: 120 | E15: g | F15: =IF(OR(C15="", D15=""), "", IFERROR(VLOOKUP(C15, '03_FOOD_DATABASE'!$B$5:$L$60, 6, FALSE)*D15/100, IFERROR(VLOOKUP(C15, '04_RECIPE_DATABASE'!$B$5:$M$20, 8, FALSE)*D15, 0))) | G15: =IF(OR(C15="", D15=""), "", IFERROR(VLOOKUP(C15, '03_FOOD_DATABASE'!$B$5:$L$60, 7, FALSE)*D15/100, IFERROR(VLOOKUP(C15, '04_RECIPE_DATABASE'!$B$5:$M$20, 9, FALSE)*D15, 0))) | H15: =IF(OR(C15="", D15=""), "", IFERROR(VLOOKUP(C15, '03_FOOD_DATABASE'!$B$5:$L$60, 8, FALSE)*D15/100, IFERROR(VLOOKUP(C15, '04_RECIPE_DATABASE'!$B$5:$M$20, 10, FALSE)*D15, 0))) | I15: =IF(OR(C15="", D15=""), "", IFERROR(VLOOKUP(C15, '03_FOOD_DATABASE'!$B$5:$L$60, 9, FALSE)*D15/100, IFERROR(VLOOKUP(C15, '04_RECIPE_DATABASE'!$B$5:$M$20, 11, FALSE)*D15, 0))) | J15: =IF(OR(C15="", D15=""), "", IFERROR(VLOOKUP(C15, '03_FOOD_DATABASE'!$B$5:$L$60, 11, FALSE)*D15/100, IFERROR(VLOOKUP(C15, '04_RECIPE_DATABASE'!$B$5:$M$20, 12, FALSE)*D15, 0))) | K15: Đã cân thực tế (Cân điện tử) | L15: Thịt nạc thăn | N15: 46324 | O15: =TEXT(N15, "dddd") | P15: =IF(U15=0, "", SUMIFS($F$5:$F$1500, $A$5:$A$1500, N15)) | Q15: =IF(U15=0, "", SUMIFS($G$5:$G$1500, $A$5:$A$1500, N15)) | R15: =IF(U15=0, "", SUMIFS($H$5:$H$1500, $A$5:$A$1500, N15)) | S15: =IF(U15=0, "", SUMIFS($I$5:$I$1500, $A$5:$A$1500, N15)) | T15: =IF(U15=0, "", SUMIFS($J$5:$J$1500, $A$5:$A$1500, N15)) | U15: =COUNTIFS($A$5:$A$1500, N15) | V15: =IF(U15=0, "CHƯA NHẬP", IF(U15<3, "INCOMPLETE (Chưa đủ bữa)", "COMPLETE (Đầy đủ)")) | W15: =IF(P15="", "", P15/'02_NUTRITION_SETUP'!$C$20) | X15: =IF(Q15="", "", Q15/'02_NUTRITION_SETUP'!$C$21)
A16: 46314 | B16: Bữa tối | C16: Đậu phụ trắng (Tofu) | D16: 100 | E16: g | F16: =IF(OR(C16="", D16=""), "", IFERROR(VLOOKUP(C16, '03_FOOD_DATABASE'!$B$5:$L$60, 6, FALSE)*D16/100, IFERROR(VLOOKUP(C16, '04_RECIPE_DATABASE'!$B$5:$M$20, 8, FALSE)*D16, 0))) | G16: =IF(OR(C16="", D16=""), "", IFERROR(VLOOKUP(C16, '03_FOOD_DATABASE'!$B$5:$L$60, 7, FALSE)*D16/100, IFERROR(VLOOKUP(C16, '04_RECIPE_DATABASE'!$B$5:$M$20, 9, FALSE)*D16, 0))) | H16: =IF(OR(C16="", D16=""), "", IFERROR(VLOOKUP(C16, '03_FOOD_DATABASE'!$B$5:$L$60, 8, FALSE)*D16/100, IFERROR(VLOOKUP(C16, '04_RECIPE_DATABASE'!$B$5:$M$20, 10, FALSE)*D16, 0))) | I16: =IF(OR(C16="", D16=""), "", IFERROR(VLOOKUP(C16, '03_FOOD_DATABASE'!$B$5:$L$60, 9, FALSE)*D16/100, IFERROR(VLOOKUP(C16, '04_RECIPE_DATABASE'!$B$5:$M$20, 11, FALSE)*D16, 0))) | J16: =IF(OR(C16="", D16=""), "", IFERROR(VLOOKUP(C16, '03_FOOD_DATABASE'!$B$5:$L$60, 11, FALSE)*D16/100, IFERROR(VLOOKUP(C16, '04_RECIPE_DATABASE'!$B$5:$M$20, 12, FALSE)*D16, 0))) | K16: Đã cân thực tế (Cân điện tử) | L16: 1 bìa đậu phụ nhỏ | N16: 46325 | O16: =TEXT(N16, "dddd") | P16: =IF(U16=0, "", SUMIFS($F$5:$F$1500, $A$5:$A$1500, N16)) | Q16: =IF(U16=0, "", SUMIFS($G$5:$G$1500, $A$5:$A$1500, N16)) | R16: =IF(U16=0, "", SUMIFS($H$5:$H$1500, $A$5:$A$1500, N16)) | S16: =IF(U16=0, "", SUMIFS($I$5:$I$1500, $A$5:$A$1500, N16)) | T16: =IF(U16=0, "", SUMIFS($J$5:$J$1500, $A$5:$A$1500, N16)) | U16: =COUNTIFS($A$5:$A$1500, N16) | V16: =IF(U16=0, "CHƯA NHẬP", IF(U16<3, "INCOMPLETE (Chưa đủ bữa)", "COMPLETE (Đầy đủ)")) | W16: =IF(P16="", "", P16/'02_NUTRITION_SETUP'!$C$20) | X16: =IF(Q16="", "", Q16/'02_NUTRITION_SETUP'!$C$21)
F17: =IF(OR(C17="", D17=""), "", IFERROR(VLOOKUP(C17, '03_FOOD_DATABASE'!$B$5:$L$60, 6, FALSE)*D17/100, IFERROR(VLOOKUP(C17, '04_RECIPE_DATABASE'!$B$5:$M$20, 8, FALSE)*D17, 0))) | G17: =IF(OR(C17="", D17=""), "", IFERROR(VLOOKUP(C17, '03_FOOD_DATABASE'!$B$5:$L$60, 7, FALSE)*D17/100, IFERROR(VLOOKUP(C17, '04_RECIPE_DATABASE'!$B$5:$M$20, 9, FALSE)*D17, 0))) | H17: =IF(OR(C17="", D17=""), "", IFERROR(VLOOKUP(C17, '03_FOOD_DATABASE'!$B$5:$L$60, 8, FALSE)*D17/100, IFERROR(VLOOKUP(C17, '04_RECIPE_DATABASE'!$B$5:$M$20, 10, FALSE)*D17, 0))) | I17: =IF(OR(C17="", D17=""), "", IFERROR(VLOOKUP(C17, '03_FOOD_DATABASE'!$B$5:$L$60, 9, FALSE)*D17/100, IFERROR(VLOOKUP(C17, '04_RECIPE_DATABASE'!$B$5:$M$20, 11, FALSE)*D17, 0))) | J17: =IF(OR(C17="", D17=""), "", IFERROR(VLOOKUP(C17, '03_FOOD_DATABASE'!$B$5:$L$60, 11, FALSE)*D17/100, IFERROR(VLOOKUP(C17, '04_RECIPE_DATABASE'!$B$5:$M$20, 12, FALSE)*D17, 0))) | N17: 46326 | O17: =TEXT(N17, "dddd") | P17: =IF(U17=0, "", SUMIFS($F$5:$F$1500, $A$5:$A$1500, N17)) | Q17: =IF(U17=0, "", SUMIFS($G$5:$G$1500, $A$5:$A$1500, N17)) | R17: =IF(U17=0, "", SUMIFS($H$5:$H$1500, $A$5:$A$1500, N17)) | S17: =IF(U17=0, "", SUMIFS($I$5:$I$1500, $A$5:$A$1500, N17)) | T17: =IF(U17=0, "", SUMIFS($J$5:$J$1500, $A$5:$A$1500, N17)) | U17: =COUNTIFS($A$5:$A$1500, N17) | V17: =IF(U17=0, "CHƯA NHẬP", IF(U17<3, "INCOMPLETE (Chưa đủ bữa)", "COMPLETE (Đầy đủ)")) | W17: =IF(P17="", "", P17/'02_NUTRITION_SETUP'!$C$20) | X17: =IF(Q17="", "", Q17/'02_NUTRITION_SETUP'!$C$21)
F18: =IF(OR(C18="", D18=""), "", IFERROR(VLOOKUP(C18, '03_FOOD_DATABASE'!$B$5:$L$60, 6, FALSE)*D18/100, IFERROR(VLOOKUP(C18, '04_RECIPE_DATABASE'!$B$5:$M$20, 8, FALSE)*D18, 0))) | G18: =IF(OR(C18="", D18=""), "", IFERROR(VLOOKUP(C18, '03_FOOD_DATABASE'!$B$5:$L$60, 7, FALSE)*D18/100, IFERROR(VLOOKUP(C18, '04_RECIPE_DATABASE'!$B$5:$M$20, 9, FALSE)*D18, 0))) | H18: =IF(OR(C18="", D18=""), "", IFERROR(VLOOKUP(C18, '03_FOOD_DATABASE'!$B$5:$L$60, 8, FALSE)*D18/100, IFERROR(VLOOKUP(C18, '04_RECIPE_DATABASE'!$B$5:$M$20, 10, FALSE)*D18, 0))) | I18: =IF(OR(C18="", D18=""), "", IFERROR(VLOOKUP(C18, '03_FOOD_DATABASE'!$B$5:$L$60, 9, FALSE)*D18/100, IFERROR(VLOOKUP(C18, '04_RECIPE_DATABASE'!$B$5:$M$20, 11, FALSE)*D18, 0))) | J18: =IF(OR(C18="", D18=""), "", IFERROR(VLOOKUP(C18, '03_FOOD_DATABASE'!$B$5:$L$60, 11, FALSE)*D18/100, IFERROR(VLOOKUP(C18, '04_RECIPE_DATABASE'!$B$5:$M$20, 12, FALSE)*D18, 0))) | N18: 46327 | O18: =TEXT(N18, "dddd") | P18: =IF(U18=0, "", SUMIFS($F$5:$F$1500, $A$5:$A$1500, N18)) | Q18: =IF(U18=0, "", SUMIFS($G$5:$G$1500, $A$5:$A$1500, N18)) | R18: =IF(U18=0, "", SUMIFS($H$5:$H$1500, $A$5:$A$1500, N18)) | S18: =IF(U18=0, "", SUMIFS($I$5:$I$1500, $A$5:$A$1500, N18)) | T18: =IF(U18=0, "", SUMIFS($J$5:$J$1500, $A$5:$A$1500, N18)) | U18: =COUNTIFS($A$5:$A$1500, N18) | V18: =IF(U18=0, "CHƯA NHẬP", IF(U18<3, "INCOMPLETE (Chưa đủ bữa)", "COMPLETE (Đầy đủ)")) | W18: =IF(P18="", "", P18/'02_NUTRITION_SETUP'!$C$20) | X18: =IF(Q18="", "", Q18/'02_NUTRITION_SETUP'!$C$21)
F19: =IF(OR(C19="", D19=""), "", IFERROR(VLOOKUP(C19, '03_FOOD_DATABASE'!$B$5:$L$60, 6, FALSE)*D19/100, IFERROR(VLOOKUP(C19, '04_RECIPE_DATABASE'!$B$5:$M$20, 8, FALSE)*D19, 0))) | G19: =IF(OR(C19="", D19=""), "", IFERROR(VLOOKUP(C19, '03_FOOD_DATABASE'!$B$5:$L$60, 7, FALSE)*D19/100, IFERROR(VLOOKUP(C19, '04_RECIPE_DATABASE'!$B$5:$M$20, 9, FALSE)*D19, 0))) | H19: =IF(OR(C19="", D19=""), "", IFERROR(VLOOKUP(C19, '03_FOOD_DATABASE'!$B$5:$L$60, 8, FALSE)*D19/100, IFERROR(VLOOKUP(C19, '04_RECIPE_DATABASE'!$B$5:$M$20, 10, FALSE)*D19, 0))) | I19: =IF(OR(C19="", D19=""), "", IFERROR(VLOOKUP(C19, '03_FOOD_DATABASE'!$B$5:$L$60, 9, FALSE)*D19/100, IFERROR(VLOOKUP(C19, '04_RECIPE_DATABASE'!$B$5:$M$20, 11, FALSE)*D19, 0))) | J19: =IF(OR(C19="", D19=""), "", IFERROR(VLOOKUP(C19, '03_FOOD_DATABASE'!$B$5:$L$60, 11, FALSE)*D19/100, IFERROR(VLOOKUP(C19, '04_RECIPE_DATABASE'!$B$5:$M$20, 12, FALSE)*D19, 0))) | N19: 46328 | O19: =TEXT(N19, "dddd") | P19: =IF(U19=0, "", SUMIFS($F$5:$F$1500, $A$5:$A$1500, N19)) | Q19: =IF(U19=0, "", SUMIFS($G$5:$G$1500, $A$5:$A$1500, N19)) | R19: =IF(U19=0, "", SUMIFS($H$5:$H$1500, $A$5:$A$1500, N19)) | S19: =IF(U19=0, "", SUMIFS($I$5:$I$1500, $A$5:$A$1500, N19)) | T19: =IF(U19=0, "", SUMIFS($J$5:$J$1500, $A$5:$A$1500, N19)) | U19: =COUNTIFS($A$5:$A$1500, N19) | V19: =IF(U19=0, "CHƯA NHẬP", IF(U19<3, "INCOMPLETE (Chưa đủ bữa)", "COMPLETE (Đầy đủ)")) | W19: =IF(P19="", "", P19/'02_NUTRITION_SETUP'!$C$20) | X19: =IF(Q19="", "", Q19/'02_NUTRITION_SETUP'!$C$21)
F20: =IF(OR(C20="", D20=""), "", IFERROR(VLOOKUP(C20, '03_FOOD_DATABASE'!$B$5:$L$60, 6, FALSE)*D20/100, IFERROR(VLOOKUP(C20, '04_RECIPE_DATABASE'!$B$5:$M$20, 8, FALSE)*D20, 0))) | G20: =IF(OR(C20="", D20=""), "", IFERROR(VLOOKUP(C20, '03_FOOD_DATABASE'!$B$5:$L$60, 7, FALSE)*D20/100, IFERROR(VLOOKUP(C20, '04_RECIPE_DATABASE'!$B$5:$M$20, 9, FALSE)*D20, 0))) | H20: =IF(OR(C20="", D20=""), "", IFERROR(VLOOKUP(C20, '03_FOOD_DATABASE'!$B$5:$L$60, 8, FALSE)*D20/100, IFERROR(VLOOKUP(C20, '04_RECIPE_DATABASE'!$B$5:$M$20, 10, FALSE)*D20, 0))) | I20: =IF(OR(C20="", D20=""), "", IFERROR(VLOOKUP(C20, '03_FOOD_DATABASE'!$B$5:$L$60, 9, FALSE)*D20/100, IFERROR(VLOOKUP(C20, '04_RECIPE_DATABASE'!$B$5:$M$20, 11, FALSE)*D20, 0))) | J20: =IF(OR(C20="", D20=""), "", IFERROR(VLOOKUP(C20, '03_FOOD_DATABASE'!$B$5:$L$60, 11, FALSE)*D20/100, IFERROR(VLOOKUP(C20, '04_RECIPE_DATABASE'!$B$5:$M$20, 12, FALSE)*D20, 0))) | N20: 46329 | O20: =TEXT(N20, "dddd") | P20: =IF(U20=0, "", SUMIFS($F$5:$F$1500, $A$5:$A$1500, N20)) | Q20: =IF(U20=0, "", SUMIFS($G$5:$G$1500, $A$5:$A$1500, N20)) | R20: =IF(U20=0, "", SUMIFS($H$5:$H$1500, $A$5:$A$1500, N20)) | S20: =IF(U20=0, "", SUMIFS($I$5:$I$1500, $A$5:$A$1500, N20)) | T20: =IF(U20=0, "", SUMIFS($J$5:$J$1500, $A$5:$A$1500, N20)) | U20: =COUNTIFS($A$5:$A$1500, N20) | V20: =IF(U20=0, "CHƯA NHẬP", IF(U20<3, "INCOMPLETE (Chưa đủ bữa)", "COMPLETE (Đầy đủ)")) | W20: =IF(P20="", "", P20/'02_NUTRITION_SETUP'!$C$20) | X20: =IF(Q20="", "", Q20/'02_NUTRITION_SETUP'!$C$21)
F21: =IF(OR(C21="", D21=""), "", IFERROR(VLOOKUP(C21, '03_FOOD_DATABASE'!$B$5:$L$60, 6, FALSE)*D21/100, IFERROR(VLOOKUP(C21, '04_RECIPE_DATABASE'!$B$5:$M$20, 8, FALSE)*D21, 0))) | G21: =IF(OR(C21="", D21=""), "", IFERROR(VLOOKUP(C21, '03_FOOD_DATABASE'!$B$5:$L$60, 7, FALSE)*D21/100, IFERROR(VLOOKUP(C21, '04_RECIPE_DATABASE'!$B$5:$M$20, 9, FALSE)*D21, 0))) | H21: =IF(OR(C21="", D21=""), "", IFERROR(VLOOKUP(C21, '03_FOOD_DATABASE'!$B$5:$L$60, 8, FALSE)*D21/100, IFERROR(VLOOKUP(C21, '04_RECIPE_DATABASE'!$B$5:$M$20, 10, FALSE)*D21, 0))) | I21: =IF(OR(C21="", D21=""), "", IFERROR(VLOOKUP(C21, '03_FOOD_DATABASE'!$B$5:$L$60, 9, FALSE)*D21/100, IFERROR(VLOOKUP(C21, '04_RECIPE_DATABASE'!$B$5:$M$20, 11, FALSE)*D21, 0))) | J21: =IF(OR(C21="", D21=""), "", IFERROR(VLOOKUP(C21, '03_FOOD_DATABASE'!$B$5:$L$60, 11, FALSE)*D21/100, IFERROR(VLOOKUP(C21, '04_RECIPE_DATABASE'!$B$5:$M$20, 12, FALSE)*D21, 0))) | N21: 46330 | O21: =TEXT(N21, "dddd") | P21: =IF(U21=0, "", SUMIFS($F$5:$F$1500, $A$5:$A$1500, N21)) | Q21: =IF(U21=0, "", SUMIFS($G$5:$G$1500, $A$5:$A$1500, N21)) | R21: =IF(U21=0, "", SUMIFS($H$5:$H$1500, $A$5:$A$1500, N21)) | S21: =IF(U21=0, "", SUMIFS($I$5:$I$1500, $A$5:$A$1500, N21)) | T21: =IF(U21=0, "", SUMIFS($J$5:$J$1500, $A$5:$A$1500, N21)) | U21: =COUNTIFS($A$5:$A$1500, N21) | V21: =IF(U21=0, "CHƯA NHẬP", IF(U21<3, "INCOMPLETE (Chưa đủ bữa)", "COMPLETE (Đầy đủ)")) | W21: =IF(P21="", "", P21/'02_NUTRITION_SETUP'!$C$20) | X21: =IF(Q21="", "", Q21/'02_NUTRITION_SETUP'!$C$21)
F22: =IF(OR(C22="", D22=""), "", IFERROR(VLOOKUP(C22, '03_FOOD_DATABASE'!$B$5:$L$60, 6, FALSE)*D22/100, IFERROR(VLOOKUP(C22, '04_RECIPE_DATABASE'!$B$5:$M$20, 8, FALSE)*D22, 0))) | G22: =IF(OR(C22="", D22=""), "", IFERROR(VLOOKUP(C22, '03_FOOD_DATABASE'!$B$5:$L$60, 7, FALSE)*D22/100, IFERROR(VLOOKUP(C22, '04_RECIPE_DATABASE'!$B$5:$M$20, 9, FALSE)*D22, 0))) | H22: =IF(OR(C22="", D22=""), "", IFERROR(VLOOKUP(C22, '03_FOOD_DATABASE'!$B$5:$L$60, 8, FALSE)*D22/100, IFERROR(VLOOKUP(C22, '04_RECIPE_DATABASE'!$B$5:$M$20, 10, FALSE)*D22, 0))) | I22: =IF(OR(C22="", D22=""), "", IFERROR(VLOOKUP(C22, '03_FOOD_DATABASE'!$B$5:$L$60, 9, FALSE)*D22/100, IFERROR(VLOOKUP(C22, '04_RECIPE_DATABASE'!$B$5:$M$20, 11, FALSE)*D22, 0))) | J22: =IF(OR(C22="", D22=""), "", IFERROR(VLOOKUP(C22, '03_FOOD_DATABASE'!$B$5:$L$60, 11, FALSE)*D22/100, IFERROR(VLOOKUP(C22, '04_RECIPE_DATABASE'!$B$5:$M$20, 12, FALSE)*D22, 0))) | N22: 46331 | O22: =TEXT(N22, "dddd") | P22: =IF(U22=0, "", SUMIFS($F$5:$F$1500, $A$5:$A$1500, N22)) | Q22: =IF(U22=0, "", SUMIFS($G$5:$G$1500, $A$5:$A$1500, N22)) | R22: =IF(U22=0, "", SUMIFS($H$5:$H$1500, $A$5:$A$1500, N22)) | S22: =IF(U22=0, "", SUMIFS($I$5:$I$1500, $A$5:$A$1500, N22)) | T22: =IF(U22=0, "", SUMIFS($J$5:$J$1500, $A$5:$A$1500, N22)) | U22: =COUNTIFS($A$5:$A$1500, N22) | V22: =IF(U22=0, "CHƯA NHẬP", IF(U22<3, "INCOMPLETE (Chưa đủ bữa)", "COMPLETE (Đầy đủ)")) | W22: =IF(P22="", "", P22/'02_NUTRITION_SETUP'!$C$20) | X22: =IF(Q22="", "", Q22/'02_NUTRITION_SETUP'!$C$21)
F23: =IF(OR(C23="", D23=""), "", IFERROR(VLOOKUP(C23, '03_FOOD_DATABASE'!$B$5:$L$60, 6, FALSE)*D23/100, IFERROR(VLOOKUP(C23, '04_RECIPE_DATABASE'!$B$5:$M$20, 8, FALSE)*D23, 0))) | G23: =IF(OR(C23="", D23=""), "", IFERROR(VLOOKUP(C23, '03_FOOD_DATABASE'!$B$5:$L$60, 7, FALSE)*D23/100, IFERROR(VLOOKUP(C23, '04_RECIPE_DATABASE'!$B$5:$M$20, 9, FALSE)*D23, 0))) | H23: =IF(OR(C23="", D23=""), "", IFERROR(VLOOKUP(C23, '03_FOOD_DATABASE'!$B$5:$L$60, 8, FALSE)*D23/100, IFERROR(VLOOKUP(C23, '04_RECIPE_DATABASE'!$B$5:$M$20, 10, FALSE)*D23, 0))) | I23: =IF(OR(C23="", D23=""), "", IFERROR(VLOOKUP(C23, '03_FOOD_DATABASE'!$B$5:$L$60, 9, FALSE)*D23/100, IFERROR(VLOOKUP(C23, '04_RECIPE_DATABASE'!$B$5:$M$20, 11, FALSE)*D23, 0))) | J23: =IF(OR(C23="", D23=""), "", IFERROR(VLOOKUP(C23, '03_FOOD_DATABASE'!$B$5:$L$60, 11, FALSE)*D23/100, IFERROR(VLOOKUP(C23, '04_RECIPE_DATABASE'!$B$5:$M$20, 12, FALSE)*D23, 0))) | N23: 46332 | O23: =TEXT(N23, "dddd") | P23: =IF(U23=0, "", SUMIFS($F$5:$F$1500, $A$5:$A$1500, N23)) | Q23: =IF(U23=0, "", SUMIFS($G$5:$G$1500, $A$5:$A$1500, N23)) | R23: =IF(U23=0, "", SUMIFS($H$5:$H$1500, $A$5:$A$1500, N23)) | S23: =IF(U23=0, "", SUMIFS($I$5:$I$1500, $A$5:$A$1500, N23)) | T23: =IF(U23=0, "", SUMIFS($J$5:$J$1500, $A$5:$A$1500, N23)) | U23: =COUNTIFS($A$5:$A$1500, N23) | V23: =IF(U23=0, "CHƯA NHẬP", IF(U23<3, "INCOMPLETE (Chưa đủ bữa)", "COMPLETE (Đầy đủ)")) | W23: =IF(P23="", "", P23/'02_NUTRITION_SETUP'!$C$20) | X23: =IF(Q23="", "", Q23/'02_NUTRITION_SETUP'!$C$21)
F24: =IF(OR(C24="", D24=""), "", IFERROR(VLOOKUP(C24, '03_FOOD_DATABASE'!$B$5:$L$60, 6, FALSE)*D24/100, IFERROR(VLOOKUP(C24, '04_RECIPE_DATABASE'!$B$5:$M$20, 8, FALSE)*D24, 0))) | G24: =IF(OR(C24="", D24=""), "", IFERROR(VLOOKUP(C24, '03_FOOD_DATABASE'!$B$5:$L$60, 7, FALSE)*D24/100, IFERROR(VLOOKUP(C24, '04_RECIPE_DATABASE'!$B$5:$M$20, 9, FALSE)*D24, 0))) | H24: =IF(OR(C24="", D24=""), "", IFERROR(VLOOKUP(C24, '03_FOOD_DATABASE'!$B$5:$L$60, 8, FALSE)*D24/100, IFERROR(VLOOKUP(C24, '04_RECIPE_DATABASE'!$B$5:$M$20, 10, FALSE)*D24, 0))) | I24: =IF(OR(C24="", D24=""), "", IFERROR(VLOOKUP(C24, '03_FOOD_DATABASE'!$B$5:$L$60, 9, FALSE)*D24/100, IFERROR(VLOOKUP(C24, '04_RECIPE_DATABASE'!$B$5:$M$20, 11, FALSE)*D24, 0))) | J24: =IF(OR(C24="", D24=""), "", IFERROR(VLOOKUP(C24, '03_FOOD_DATABASE'!$B$5:$L$60, 11, FALSE)*D24/100, IFERROR(VLOOKUP(C24, '04_RECIPE_DATABASE'!$B$5:$M$20, 12, FALSE)*D24, 0))) | N24: 46333 | O24: =TEXT(N24, "dddd") | P24: =IF(U24=0, "", SUMIFS($F$5:$F$1500, $A$5:$A$1500, N24)) | Q24: =IF(U24=0, "", SUMIFS($G$5:$G$1500, $A$5:$A$1500, N24)) | R24: =IF(U24=0, "", SUMIFS($H$5:$H$1500, $A$5:$A$1500, N24)) | S24: =IF(U24=0, "", SUMIFS($I$5:$I$1500, $A$5:$A$1500, N24)) | T24: =IF(U24=0, "", SUMIFS($J$5:$J$1500, $A$5:$A$1500, N24)) | U24: =COUNTIFS($A$5:$A$1500, N24) | V24: =IF(U24=0, "CHƯA NHẬP", IF(U24<3, "INCOMPLETE (Chưa đủ bữa)", "COMPLETE (Đầy đủ)")) | W24: =IF(P24="", "", P24/'02_NUTRITION_SETUP'!$C$20) | X24: =IF(Q24="", "", Q24/'02_NUTRITION_SETUP'!$C$21)
F25: =IF(OR(C25="", D25=""), "", IFERROR(VLOOKUP(C25, '03_FOOD_DATABASE'!$B$5:$L$60, 6, FALSE)*D25/100, IFERROR(VLOOKUP(C25, '04_RECIPE_DATABASE'!$B$5:$M$20, 8, FALSE)*D25, 0))) | G25: =IF(OR(C25="", D25=""), "", IFERROR(VLOOKUP(C25, '03_FOOD_DATABASE'!$B$5:$L$60, 7, FALSE)*D25/100, IFERROR(VLOOKUP(C25, '04_RECIPE_DATABASE'!$B$5:$M$20, 9, FALSE)*D25, 0))) | H25: =IF(OR(C25="", D25=""), "", IFERROR(VLOOKUP(C25, '03_FOOD_DATABASE'!$B$5:$L$60, 8, FALSE)*D25/100, IFERROR(VLOOKUP(C25, '04_RECIPE_DATABASE'!$B$5:$M$20, 10, FALSE)*D25, 0))) | I25: =IF(OR(C25="", D25=""), "", IFERROR(VLOOKUP(C25, '03_FOOD_DATABASE'!$B$5:$L$60, 9, FALSE)*D25/100, IFERROR(VLOOKUP(C25, '04_RECIPE_DATABASE'!$B$5:$M$20, 11, FALSE)*D25, 0))) | J25: =IF(OR(C25="", D25=""), "", IFERROR(VLOOKUP(C25, '03_FOOD_DATABASE'!$B$5:$L$60, 11, FALSE)*D25/100, IFERROR(VLOOKUP(C25, '04_RECIPE_DATABASE'!$B$5:$M$20, 12, FALSE)*D25, 0))) | N25: 46334 | O25: =TEXT(N25, "dddd") | P25: =IF(U25=0, "", SUMIFS($F$5:$F$1500, $A$5:$A$1500, N25)) | Q25: =IF(U25=0, "", SUMIFS($G$5:$G$1500, $A$5:$A$1500, N25)) | R25: =IF(U25=0, "", SUMIFS($H$5:$H$1500, $A$5:$A$1500, N25)) | S25: =IF(U25=0, "", SUMIFS($I$5:$I$1500, $A$5:$A$1500, N25)) | T25: =IF(U25=0, "", SUMIFS($J$5:$J$1500, $A$5:$A$1500, N25)) | U25: =COUNTIFS($A$5:$A$1500, N25) | V25: =IF(U25=0, "CHƯA NHẬP", IF(U25<3, "INCOMPLETE (Chưa đủ bữa)", "COMPLETE (Đầy đủ)")) | W25: =IF(P25="", "", P25/'02_NUTRITION_SETUP'!$C$20) | X25: =IF(Q25="", "", Q25/'02_NUTRITION_SETUP'!$C$21)
F26: =IF(OR(C26="", D26=""), "", IFERROR(VLOOKUP(C26, '03_FOOD_DATABASE'!$B$5:$L$60, 6, FALSE)*D26/100, IFERROR(VLOOKUP(C26, '04_RECIPE_DATABASE'!$B$5:$M$20, 8, FALSE)*D26, 0))) | G26: =IF(OR(C26="", D26=""), "", IFERROR(VLOOKUP(C26, '03_FOOD_DATABASE'!$B$5:$L$60, 7, FALSE)*D26/100, IFERROR(VLOOKUP(C26, '04_RECIPE_DATABASE'!$B$5:$M$20, 9, FALSE)*D26, 0))) | H26: =IF(OR(C26="", D26=""), "", IFERROR(VLOOKUP(C26, '03_FOOD_DATABASE'!$B$5:$L$60, 8, FALSE)*D26/100, IFERROR(VLOOKUP(C26, '04_RECIPE_DATABASE'!$B$5:$M$20, 10, FALSE)*D26, 0))) | I26: =IF(OR(C26="", D26=""), "", IFERROR(VLOOKUP(C26, '03_FOOD_DATABASE'!$B$5:$L$60, 9, FALSE)*D26/100, IFERROR(VLOOKUP(C26, '04_RECIPE_DATABASE'!$B$5:$M$20, 11, FALSE)*D26, 0))) | J26: =IF(OR(C26="", D26=""), "", IFERROR(VLOOKUP(C26, '03_FOOD_DATABASE'!$B$5:$L$60, 11, FALSE)*D26/100, IFERROR(VLOOKUP(C26, '04_RECIPE_DATABASE'!$B$5:$M$20, 12, FALSE)*D26, 0))) | N26: 46335 | O26: =TEXT(N26, "dddd") | P26: =IF(U26=0, "", SUMIFS($F$5:$F$1500, $A$5:$A$1500, N26)) | Q26: =IF(U26=0, "", SUMIFS($G$5:$G$1500, $A$5:$A$1500, N26)) | R26: =IF(U26=0, "", SUMIFS($H$5:$H$1500, $A$5:$A$1500, N26)) | S26: =IF(U26=0, "", SUMIFS($I$5:$I$1500, $A$5:$A$1500, N26)) | T26: =IF(U26=0, "", SUMIFS($J$5:$J$1500, $A$5:$A$1500, N26)) | U26: =COUNTIFS($A$5:$A$1500, N26) | V26: =IF(U26=0, "CHƯA NHẬP", IF(U26<3, "INCOMPLETE (Chưa đủ bữa)", "COMPLETE (Đầy đủ)")) | W26: =IF(P26="", "", P26/'02_NUTRITION_SETUP'!$C$20) | X26: =IF(Q26="", "", Q26/'02_NUTRITION_SETUP'!$C$21)
F27: =IF(OR(C27="", D27=""), "", IFERROR(VLOOKUP(C27, '03_FOOD_DATABASE'!$B$5:$L$60, 6, FALSE)*D27/100, IFERROR(VLOOKUP(C27, '04_RECIPE_DATABASE'!$B$5:$M$20, 8, FALSE)*D27, 0))) | G27: =IF(OR(C27="", D27=""), "", IFERROR(VLOOKUP(C27, '03_FOOD_DATABASE'!$B$5:$L$60, 7, FALSE)*D27/100, IFERROR(VLOOKUP(C27, '04_RECIPE_DATABASE'!$B$5:$M$20, 9, FALSE)*D27, 0))) | H27: =IF(OR(C27="", D27=""), "", IFERROR(VLOOKUP(C27, '03_FOOD_DATABASE'!$B$5:$L$60, 8, FALSE)*D27/100, IFERROR(VLOOKUP(C27, '04_RECIPE_DATABASE'!$B$5:$M$20, 10, FALSE)*D27, 0))) | I27: =IF(OR(C27="", D27=""), "", IFERROR(VLOOKUP(C27, '03_FOOD_DATABASE'!$B$5:$L$60, 9, FALSE)*D27/100, IFERROR(VLOOKUP(C27, '04_RECIPE_DATABASE'!$B$5:$M$20, 11, FALSE)*D27, 0))) | J27: =IF(OR(C27="", D27=""), "", IFERROR(VLOOKUP(C27, '03_FOOD_DATABASE'!$B$5:$L$60, 11, FALSE)*D27/100, IFERROR(VLOOKUP(C27, '04_RECIPE_DATABASE'!$B$5:$M$20, 12, FALSE)*D27, 0))) | N27: 46336 | O27: =TEXT(N27, "dddd") | P27: =IF(U27=0, "", SUMIFS($F$5:$F$1500, $A$5:$A$1500, N27)) | Q27: =IF(U27=0, "", SUMIFS($G$5:$G$1500, $A$5:$A$1500, N27)) | R27: =IF(U27=0, "", SUMIFS($H$5:$H$1500, $A$5:$A$1500, N27)) | S27: =IF(U27=0, "", SUMIFS($I$5:$I$1500, $A$5:$A$1500, N27)) | T27: =IF(U27=0, "", SUMIFS($J$5:$J$1500, $A$5:$A$1500, N27)) | U27: =COUNTIFS($A$5:$A$1500, N27) | V27: =IF(U27=0, "CHƯA NHẬP", IF(U27<3, "INCOMPLETE (Chưa đủ bữa)", "COMPLETE (Đầy đủ)")) | W27: =IF(P27="", "", P27/'02_NUTRITION_SETUP'!$C$20) | X27: =IF(Q27="", "", Q27/'02_NUTRITION_SETUP'!$C$21)
F28: =IF(OR(C28="", D28=""), "", IFERROR(VLOOKUP(C28, '03_FOOD_DATABASE'!$B$5:$L$60, 6, FALSE)*D28/100, IFERROR(VLOOKUP(C28, '04_RECIPE_DATABASE'!$B$5:$M$20, 8, FALSE)*D28, 0))) | G28: =IF(OR(C28="", D28=""), "", IFERROR(VLOOKUP(C28, '03_FOOD_DATABASE'!$B$5:$L$60, 7, FALSE)*D28/100, IFERROR(VLOOKUP(C28, '04_RECIPE_DATABASE'!$B$5:$M$20, 9, FALSE)*D28, 0))) | H28: =IF(OR(C28="", D28=""), "", IFERROR(VLOOKUP(C28, '03_FOOD_DATABASE'!$B$5:$L$60, 8, FALSE)*D28/100, IFERROR(VLOOKUP(C28, '04_RECIPE_DATABASE'!$B$5:$M$20, 10, FALSE)*D28, 0))) | I28: =IF(OR(C28="", D28=""), "", IFERROR(VLOOKUP(C28, '03_FOOD_DATABASE'!$B$5:$L$60, 9, FALSE)*D28/100, IFERROR(VLOOKUP(C28, '04_RECIPE_DATABASE'!$B$5:$M$20, 11, FALSE)*D28, 0))) | J28: =IF(OR(C28="", D28=""), "", IFERROR(VLOOKUP(C28, '03_FOOD_DATABASE'!$B$5:$L$60, 11, FALSE)*D28/100, IFERROR(VLOOKUP(C28, '04_RECIPE_DATABASE'!$B$5:$M$20, 12, FALSE)*D28, 0))) | N28: 46337 | O28: =TEXT(N28, "dddd") | P28: =IF(U28=0, "", SUMIFS($F$5:$F$1500, $A$5:$A$1500, N28)) | Q28: =IF(U28=0, "", SUMIFS($G$5:$G$1500, $A$5:$A$1500, N28)) | R28: =IF(U28=0, "", SUMIFS($H$5:$H$1500, $A$5:$A$1500, N28)) | S28: =IF(U28=0, "", SUMIFS($I$5:$I$1500, $A$5:$A$1500, N28)) | T28: =IF(U28=0, "", SUMIFS($J$5:$J$1500, $A$5:$A$1500, N28)) | U28: =COUNTIFS($A$5:$A$1500, N28) | V28: =IF(U28=0, "CHƯA NHẬP", IF(U28<3, "INCOMPLETE (Chưa đủ bữa)", "COMPLETE (Đầy đủ)")) | W28: =IF(P28="", "", P28/'02_NUTRITION_SETUP'!$C$20) | X28: =IF(Q28="", "", Q28/'02_NUTRITION_SETUP'!$C$21)
... F172: =IF(OR(C172="", D172=""), "", IFERROR(VLOOKUP(C172, '03_FOOD_DATABASE'!$B$5:$L$60, 6, FALSE)*D172/100, IFERROR(VLOOKUP(C172, '04_RECIPE_DATABASE'!$B$5:$M$20, 8, FALSE)*D172, 0))) | G172: =IF(OR(C172="", D172=""), "", IFERROR(VLOOKUP(C172, '03_FOOD_DATABASE'!$B$5:$L$60, 7, FALSE)*D172/100, IFERROR(VLOOKUP(C172, '04_RECIPE_DATABASE'!$B$5:$M$20, 9, FALSE)*D172, 0))) | H172: =IF(OR(C172="", D172=""), "", IFERROR(VLOOKUP(C172, '03_FOOD_DATABASE'!$B$5:$L$60, 8, FALSE)*D172/100, IFERROR(VLOOKUP(C172, '04_RECIPE_DATABASE'!$B$5:$M$20, 10, FALSE)*D172, 0))) | I172: =IF(OR(C172="", D172=""), "", IFERROR(VLOOKUP(C172, '03_FOOD_DATABASE'!$B$5:$L$60, 9, FALSE)*D172/100, IFERROR(VLOOKUP(C172, '04_RECIPE_DATABASE'!$B$5:$M$20, 11, FALSE)*D172, 0))) | J172: =IF(OR(C172="", D172=""), "", IFERROR(VLOOKUP(C172, '03_FOOD_DATABASE'!$B$5:$L$60, 11, FALSE)*D172/100, IFERROR(VLOOKUP(C172, '04_RECIPE_DATABASE'!$B$5:$M$20, 12, FALSE)*D172, 0))) | N172: 46481 | O172: =TEXT(N172, "dddd") | P172: =IF(U172=0, "", SUMIFS($F$5:$F$1500, $A$5:$A$1500, N172)) | Q172: =IF(U172=0, "", SUMIFS($G$5:$G$1500, $A$5:$A$1500, N172)) | R172: =IF(U172=0, "", SUMIFS($H$5:$H$1500, $A$5:$A$1500, N172)) | S172: =IF(U172=0, "", SUMIFS($I$5:$I$1500, $A$5:$A$1500, N172)) | T172: =IF(U172=0, "", SUMIFS($J$5:$J$1500, $A$5:$A$1500, N172)) | U172: =COUNTIFS($A$5:$A$1500, N172) | V172: =IF(U172=0, "CHƯA NHẬP", IF(U172<3, "INCOMPLETE (Chưa đủ bữa)", "COMPLETE (Đầy đủ)")) | W172: =IF(P172="", "", P172/'02_NUTRITION_SETUP'!$C$20) | X172: =IF(Q172="", "", Q172/'02_NUTRITION_SETUP'!$C$21)
F173: =IF(OR(C173="", D173=""), "", IFERROR(VLOOKUP(C173, '03_FOOD_DATABASE'!$B$5:$L$60, 6, FALSE)*D173/100, IFERROR(VLOOKUP(C173, '04_RECIPE_DATABASE'!$B$5:$M$20, 8, FALSE)*D173, 0))) | G173: =IF(OR(C173="", D173=""), "", IFERROR(VLOOKUP(C173, '03_FOOD_DATABASE'!$B$5:$L$60, 7, FALSE)*D173/100, IFERROR(VLOOKUP(C173, '04_RECIPE_DATABASE'!$B$5:$M$20, 9, FALSE)*D173, 0))) | H173: =IF(OR(C173="", D173=""), "", IFERROR(VLOOKUP(C173, '03_FOOD_DATABASE'!$B$5:$L$60, 8, FALSE)*D173/100, IFERROR(VLOOKUP(C173, '04_RECIPE_DATABASE'!$B$5:$M$20, 10, FALSE)*D173, 0))) | I173: =IF(OR(C173="", D173=""), "", IFERROR(VLOOKUP(C173, '03_FOOD_DATABASE'!$B$5:$L$60, 9, FALSE)*D173/100, IFERROR(VLOOKUP(C173, '04_RECIPE_DATABASE'!$B$5:$M$20, 11, FALSE)*D173, 0))) | J173: =IF(OR(C173="", D173=""), "", IFERROR(VLOOKUP(C173, '03_FOOD_DATABASE'!$B$5:$L$60, 11, FALSE)*D173/100, IFERROR(VLOOKUP(C173, '04_RECIPE_DATABASE'!$B$5:$M$20, 12, FALSE)*D173, 0)))
F174: =IF(OR(C174="", D174=""), "", IFERROR(VLOOKUP(C174, '03_FOOD_DATABASE'!$B$5:$L$60, 6, FALSE)*D174/100, IFERROR(VLOOKUP(C174, '04_RECIPE_DATABASE'!$B$5:$M$20, 8, FALSE)*D174, 0))) | G174: =IF(OR(C174="", D174=""), "", IFERROR(VLOOKUP(C174, '03_FOOD_DATABASE'!$B$5:$L$60, 7, FALSE)*D174/100, IFERROR(VLOOKUP(C174, '04_RECIPE_DATABASE'!$B$5:$M$20, 9, FALSE)*D174, 0))) | H174: =IF(OR(C174="", D174=""), "", IFERROR(VLOOKUP(C174, '03_FOOD_DATABASE'!$B$5:$L$60, 8, FALSE)*D174/100, IFERROR(VLOOKUP(C174, '04_RECIPE_DATABASE'!$B$5:$M$20, 10, FALSE)*D174, 0))) | I174: =IF(OR(C174="", D174=""), "", IFERROR(VLOOKUP(C174, '03_FOOD_DATABASE'!$B$5:$L$60, 9, FALSE)*D174/100, IFERROR(VLOOKUP(C174, '04_RECIPE_DATABASE'!$B$5:$M$20, 11, FALSE)*D174, 0))) | J174: =IF(OR(C174="", D174=""), "", IFERROR(VLOOKUP(C174, '03_FOOD_DATABASE'!$B$5:$L$60, 11, FALSE)*D174/100, IFERROR(VLOOKUP(C174, '04_RECIPE_DATABASE'!$B$5:$M$20, 12, FALSE)*D174, 0)))
F175: =IF(OR(C175="", D175=""), "", IFERROR(VLOOKUP(C175, '03_FOOD_DATABASE'!$B$5:$L$60, 6, FALSE)*D175/100, IFERROR(VLOOKUP(C175, '04_RECIPE_DATABASE'!$B$5:$M$20, 8, FALSE)*D175, 0))) | G175: =IF(OR(C175="", D175=""), "", IFERROR(VLOOKUP(C175, '03_FOOD_DATABASE'!$B$5:$L$60, 7, FALSE)*D175/100, IFERROR(VLOOKUP(C175, '04_RECIPE_DATABASE'!$B$5:$M$20, 9, FALSE)*D175, 0))) | H175: =IF(OR(C175="", D175=""), "", IFERROR(VLOOKUP(C175, '03_FOOD_DATABASE'!$B$5:$L$60, 8, FALSE)*D175/100, IFERROR(VLOOKUP(C175, '04_RECIPE_DATABASE'!$B$5:$M$20, 10, FALSE)*D175, 0))) | I175: =IF(OR(C175="", D175=""), "", IFERROR(VLOOKUP(C175, '03_FOOD_DATABASE'!$B$5:$L$60, 9, FALSE)*D175/100, IFERROR(VLOOKUP(C175, '04_RECIPE_DATABASE'!$B$5:$M$20, 11, FALSE)*D175, 0))) | J175: =IF(OR(C175="", D175=""), "", IFERROR(VLOOKUP(C175, '03_FOOD_DATABASE'!$B$5:$L$60, 11, FALSE)*D175/100, IFERROR(VLOOKUP(C175, '04_RECIPE_DATABASE'!$B$5:$M$20, 12, FALSE)*D175, 0)))
F176: =IF(OR(C176="", D176=""), "", IFERROR(VLOOKUP(C176, '03_FOOD_DATABASE'!$B$5:$L$60, 6, FALSE)*D176/100, IFERROR(VLOOKUP(C176, '04_RECIPE_DATABASE'!$B$5:$M$20, 8, FALSE)*D176, 0))) | G176: =IF(OR(C176="", D176=""), "", IFERROR(VLOOKUP(C176, '03_FOOD_DATABASE'!$B$5:$L$60, 7, FALSE)*D176/100, IFERROR(VLOOKUP(C176, '04_RECIPE_DATABASE'!$B$5:$M$20, 9, FALSE)*D176, 0))) | H176: =IF(OR(C176="", D176=""), "", IFERROR(VLOOKUP(C176, '03_FOOD_DATABASE'!$B$5:$L$60, 8, FALSE)*D176/100, IFERROR(VLOOKUP(C176, '04_RECIPE_DATABASE'!$B$5:$M$20, 10, FALSE)*D176, 0))) | I176: =IF(OR(C176="", D176=""), "", IFERROR(VLOOKUP(C176, '03_FOOD_DATABASE'!$B$5:$L$60, 9, FALSE)*D176/100, IFERROR(VLOOKUP(C176, '04_RECIPE_DATABASE'!$B$5:$M$20, 11, FALSE)*D176, 0))) | J176: =IF(OR(C176="", D176=""), "", IFERROR(VLOOKUP(C176, '03_FOOD_DATABASE'!$B$5:$L$60, 11, FALSE)*D176/100, IFERROR(VLOOKUP(C176, '04_RECIPE_DATABASE'!$B$5:$M$20, 12, FALSE)*D176, 0)))
F177: =IF(OR(C177="", D177=""), "", IFERROR(VLOOKUP(C177, '03_FOOD_DATABASE'!$B$5:$L$60, 6, FALSE)*D177/100, IFERROR(VLOOKUP(C177, '04_RECIPE_DATABASE'!$B$5:$M$20, 8, FALSE)*D177, 0))) | G177: =IF(OR(C177="", D177=""), "", IFERROR(VLOOKUP(C177, '03_FOOD_DATABASE'!$B$5:$L$60, 7, FALSE)*D177/100, IFERROR(VLOOKUP(C177, '04_RECIPE_DATABASE'!$B$5:$M$20, 9, FALSE)*D177, 0))) | H177: =IF(OR(C177="", D177=""), "", IFERROR(VLOOKUP(C177, '03_FOOD_DATABASE'!$B$5:$L$60, 8, FALSE)*D177/100, IFERROR(VLOOKUP(C177, '04_RECIPE_DATABASE'!$B$5:$M$20, 10, FALSE)*D177, 0))) | I177: =IF(OR(C177="", D177=""), "", IFERROR(VLOOKUP(C177, '03_FOOD_DATABASE'!$B$5:$L$60, 9, FALSE)*D177/100, IFERROR(VLOOKUP(C177, '04_RECIPE_DATABASE'!$B$5:$M$20, 11, FALSE)*D177, 0))) | J177: =IF(OR(C177="", D177=""), "", IFERROR(VLOOKUP(C177, '03_FOOD_DATABASE'!$B$5:$L$60, 11, FALSE)*D177/100, IFERROR(VLOOKUP(C177, '04_RECIPE_DATABASE'!$B$5:$M$20, 12, FALSE)*D177, 0)))
F178: =IF(OR(C178="", D178=""), "", IFERROR(VLOOKUP(C178, '03_FOOD_DATABASE'!$B$5:$L$60, 6, FALSE)*D178/100, IFERROR(VLOOKUP(C178, '04_RECIPE_DATABASE'!$B$5:$M$20, 8, FALSE)*D178, 0))) | G178: =IF(OR(C178="", D178=""), "", IFERROR(VLOOKUP(C178, '03_FOOD_DATABASE'!$B$5:$L$60, 7, FALSE)*D178/100, IFERROR(VLOOKUP(C178, '04_RECIPE_DATABASE'!$B$5:$M$20, 9, FALSE)*D178, 0))) | H178: =IF(OR(C178="", D178=""), "", IFERROR(VLOOKUP(C178, '03_FOOD_DATABASE'!$B$5:$L$60, 8, FALSE)*D178/100, IFERROR(VLOOKUP(C178, '04_RECIPE_DATABASE'!$B$5:$M$20, 10, FALSE)*D178, 0))) | I178: =IF(OR(C178="", D178=""), "", IFERROR(VLOOKUP(C178, '03_FOOD_DATABASE'!$B$5:$L$60, 9, FALSE)*D178/100, IFERROR(VLOOKUP(C178, '04_RECIPE_DATABASE'!$B$5:$M$20, 11, FALSE)*D178, 0))) | J178: =IF(OR(C178="", D178=""), "", IFERROR(VLOOKUP(C178, '03_FOOD_DATABASE'!$B$5:$L$60, 11, FALSE)*D178/100, IFERROR(VLOOKUP(C178, '04_RECIPE_DATABASE'!$B$5:$M$20, 12, FALSE)*D178, 0)))
F179: =IF(OR(C179="", D179=""), "", IFERROR(VLOOKUP(C179, '03_FOOD_DATABASE'!$B$5:$L$60, 6, FALSE)*D179/100, IFERROR(VLOOKUP(C179, '04_RECIPE_DATABASE'!$B$5:$M$20, 8, FALSE)*D179, 0))) | G179: =IF(OR(C179="", D179=""), "", IFERROR(VLOOKUP(C179, '03_FOOD_DATABASE'!$B$5:$L$60, 7, FALSE)*D179/100, IFERROR(VLOOKUP(C179, '04_RECIPE_DATABASE'!$B$5:$M$20, 9, FALSE)*D179, 0))) | H179: =IF(OR(C179="", D179=""), "", IFERROR(VLOOKUP(C179, '03_FOOD_DATABASE'!$B$5:$L$60, 8, FALSE)*D179/100, IFERROR(VLOOKUP(C179, '04_RECIPE_DATABASE'!$B$5:$M$20, 10, FALSE)*D179, 0))) | I179: =IF(OR(C179="", D179=""), "", IFERROR(VLOOKUP(C179, '03_FOOD_DATABASE'!$B$5:$L$60, 9, FALSE)*D179/100, IFERROR(VLOOKUP(C179, '04_RECIPE_DATABASE'!$B$5:$M$20, 11, FALSE)*D179, 0))) | J179: =IF(OR(C179="", D179=""), "", IFERROR(VLOOKUP(C179, '03_FOOD_DATABASE'!$B$5:$L$60, 11, FALSE)*D179/100, IFERROR(VLOOKUP(C179, '04_RECIPE_DATABASE'!$B$5:$M$20, 12, FALSE)*D179, 0)))
F180: =IF(OR(C180="", D180=""), "", IFERROR(VLOOKUP(C180, '03_FOOD_DATABASE'!$B$5:$L$60, 6, FALSE)*D180/100, IFERROR(VLOOKUP(C180, '04_RECIPE_DATABASE'!$B$5:$M$20, 8, FALSE)*D180, 0))) | G180: =IF(OR(C180="", D180=""), "", IFERROR(VLOOKUP(C180, '03_FOOD_DATABASE'!$B$5:$L$60, 7, FALSE)*D180/100, IFERROR(VLOOKUP(C180, '04_RECIPE_DATABASE'!$B$5:$M$20, 9, FALSE)*D180, 0))) | H180: =IF(OR(C180="", D180=""), "", IFERROR(VLOOKUP(C180, '03_FOOD_DATABASE'!$B$5:$L$60, 8, FALSE)*D180/100, IFERROR(VLOOKUP(C180, '04_RECIPE_DATABASE'!$B$5:$M$20, 10, FALSE)*D180, 0))) | I180: =IF(OR(C180="", D180=""), "", IFERROR(VLOOKUP(C180, '03_FOOD_DATABASE'!$B$5:$L$60, 9, FALSE)*D180/100, IFERROR(VLOOKUP(C180, '04_RECIPE_DATABASE'!$B$5:$M$20, 11, FALSE)*D180, 0))) | J180: =IF(OR(C180="", D180=""), "", IFERROR(VLOOKUP(C180, '03_FOOD_DATABASE'!$B$5:$L$60, 11, FALSE)*D180/100, IFERROR(VLOOKUP(C180, '04_RECIPE_DATABASE'!$B$5:$M$20, 12, FALSE)*D180, 0)))
F181: =IF(OR(C181="", D181=""), "", IFERROR(VLOOKUP(C181, '03_FOOD_DATABASE'!$B$5:$L$60, 6, FALSE)*D181/100, IFERROR(VLOOKUP(C181, '04_RECIPE_DATABASE'!$B$5:$M$20, 8, FALSE)*D181, 0))) | G181: =IF(OR(C181="", D181=""), "", IFERROR(VLOOKUP(C181, '03_FOOD_DATABASE'!$B$5:$L$60, 7, FALSE)*D181/100, IFERROR(VLOOKUP(C181, '04_RECIPE_DATABASE'!$B$5:$M$20, 9, FALSE)*D181, 0))) | H181: =IF(OR(C181="", D181=""), "", IFERROR(VLOOKUP(C181, '03_FOOD_DATABASE'!$B$5:$L$60, 8, FALSE)*D181/100, IFERROR(VLOOKUP(C181, '04_RECIPE_DATABASE'!$B$5:$M$20, 10, FALSE)*D181, 0))) | I181: =IF(OR(C181="", D181=""), "", IFERROR(VLOOKUP(C181, '03_FOOD_DATABASE'!$B$5:$L$60, 9, FALSE)*D181/100, IFERROR(VLOOKUP(C181, '04_RECIPE_DATABASE'!$B$5:$M$20, 11, FALSE)*D181, 0))) | J181: =IF(OR(C181="", D181=""), "", IFERROR(VLOOKUP(C181, '03_FOOD_DATABASE'!$B$5:$L$60, 11, FALSE)*D181/100, IFERROR(VLOOKUP(C181, '04_RECIPE_DATABASE'!$B$5:$M$20, 12, FALSE)*D181, 0)))
F182: =IF(OR(C182="", D182=""), "", IFERROR(VLOOKUP(C182, '03_FOOD_DATABASE'!$B$5:$L$60, 6, FALSE)*D182/100, IFERROR(VLOOKUP(C182, '04_RECIPE_DATABASE'!$B$5:$M$20, 8, FALSE)*D182, 0))) | G182: =IF(OR(C182="", D182=""), "", IFERROR(VLOOKUP(C182, '03_FOOD_DATABASE'!$B$5:$L$60, 7, FALSE)*D182/100, IFERROR(VLOOKUP(C182, '04_RECIPE_DATABASE'!$B$5:$M$20, 9, FALSE)*D182, 0))) | H182: =IF(OR(C182="", D182=""), "", IFERROR(VLOOKUP(C182, '03_FOOD_DATABASE'!$B$5:$L$60, 8, FALSE)*D182/100, IFERROR(VLOOKUP(C182, '04_RECIPE_DATABASE'!$B$5:$M$20, 10, FALSE)*D182, 0))) | I182: =IF(OR(C182="", D182=""), "", IFERROR(VLOOKUP(C182, '03_FOOD_DATABASE'!$B$5:$L$60, 9, FALSE)*D182/100, IFERROR(VLOOKUP(C182, '04_RECIPE_DATABASE'!$B$5:$M$20, 11, FALSE)*D182, 0))) | J182: =IF(OR(C182="", D182=""), "", IFERROR(VLOOKUP(C182, '03_FOOD_DATABASE'!$B$5:$L$60, 11, FALSE)*D182/100, IFERROR(VLOOKUP(C182, '04_RECIPE_DATABASE'!$B$5:$M$20, 12, FALSE)*D182, 0)))
F183: =IF(OR(C183="", D183=""), "", IFERROR(VLOOKUP(C183, '03_FOOD_DATABASE'!$B$5:$L$60, 6, FALSE)*D183/100, IFERROR(VLOOKUP(C183, '04_RECIPE_DATABASE'!$B$5:$M$20, 8, FALSE)*D183, 0))) | G183: =IF(OR(C183="", D183=""), "", IFERROR(VLOOKUP(C183, '03_FOOD_DATABASE'!$B$5:$L$60, 7, FALSE)*D183/100, IFERROR(VLOOKUP(C183, '04_RECIPE_DATABASE'!$B$5:$M$20, 9, FALSE)*D183, 0))) | H183: =IF(OR(C183="", D183=""), "", IFERROR(VLOOKUP(C183, '03_FOOD_DATABASE'!$B$5:$L$60, 8, FALSE)*D183/100, IFERROR(VLOOKUP(C183, '04_RECIPE_DATABASE'!$B$5:$M$20, 10, FALSE)*D183, 0))) | I183: =IF(OR(C183="", D183=""), "", IFERROR(VLOOKUP(C183, '03_FOOD_DATABASE'!$B$5:$L$60, 9, FALSE)*D183/100, IFERROR(VLOOKUP(C183, '04_RECIPE_DATABASE'!$B$5:$M$20, 11, FALSE)*D183, 0))) | J183: =IF(OR(C183="", D183=""), "", IFERROR(VLOOKUP(C183, '03_FOOD_DATABASE'!$B$5:$L$60, 11, FALSE)*D183/100, IFERROR(VLOOKUP(C183, '04_RECIPE_DATABASE'!$B$5:$M$20, 12, FALSE)*D183, 0)))
F184: =IF(OR(C184="", D184=""), "", IFERROR(VLOOKUP(C184, '03_FOOD_DATABASE'!$B$5:$L$60, 6, FALSE)*D184/100, IFERROR(VLOOKUP(C184, '04_RECIPE_DATABASE'!$B$5:$M$20, 8, FALSE)*D184, 0))) | G184: =IF(OR(C184="", D184=""), "", IFERROR(VLOOKUP(C184, '03_FOOD_DATABASE'!$B$5:$L$60, 7, FALSE)*D184/100, IFERROR(VLOOKUP(C184, '04_RECIPE_DATABASE'!$B$5:$M$20, 9, FALSE)*D184, 0))) | H184: =IF(OR(C184="", D184=""), "", IFERROR(VLOOKUP(C184, '03_FOOD_DATABASE'!$B$5:$L$60, 8, FALSE)*D184/100, IFERROR(VLOOKUP(C184, '04_RECIPE_DATABASE'!$B$5:$M$20, 10, FALSE)*D184, 0))) | I184: =IF(OR(C184="", D184=""), "", IFERROR(VLOOKUP(C184, '03_FOOD_DATABASE'!$B$5:$L$60, 9, FALSE)*D184/100, IFERROR(VLOOKUP(C184, '04_RECIPE_DATABASE'!$B$5:$M$20, 11, FALSE)*D184, 0))) | J184: =IF(OR(C184="", D184=""), "", IFERROR(VLOOKUP(C184, '03_FOOD_DATABASE'!$B$5:$L$60, 11, FALSE)*D184/100, IFERROR(VLOOKUP(C184, '04_RECIPE_DATABASE'!$B$5:$M$20, 12, FALSE)*D184, 0)))
... F300: =IF(OR(C300="", D300=""), "", IFERROR(VLOOKUP(C300, '03_FOOD_DATABASE'!$B$5:$L$60, 6, FALSE)*D300/100, IFERROR(VLOOKUP(C300, '04_RECIPE_DATABASE'!$B$5:$M$20, 8, FALSE)*D300, 0))) | G300: =IF(OR(C300="", D300=""), "", IFERROR(VLOOKUP(C300, '03_FOOD_DATABASE'!$B$5:$L$60, 7, FALSE)*D300/100, IFERROR(VLOOKUP(C300, '04_RECIPE_DATABASE'!$B$5:$M$20, 9, FALSE)*D300, 0))) | H300: =IF(OR(C300="", D300=""), "", IFERROR(VLOOKUP(C300, '03_FOOD_DATABASE'!$B$5:$L$60, 8, FALSE)*D300/100, IFERROR(VLOOKUP(C300, '04_RECIPE_DATABASE'!$B$5:$M$20, 10, FALSE)*D300, 0))) | I300: =IF(OR(C300="", D300=""), "", IFERROR(VLOOKUP(C300, '03_FOOD_DATABASE'!$B$5:$L$60, 9, FALSE)*D300/100, IFERROR(VLOOKUP(C300, '04_RECIPE_DATABASE'!$B$5:$M$20, 11, FALSE)*D300, 0))) | J300: =IF(OR(C300="", D300=""), "", IFERROR(VLOOKUP(C300, '03_FOOD_DATABASE'!$B$5:$L$60, 11, FALSE)*D300/100, IFERROR(VLOOKUP(C300, '04_RECIPE_DATABASE'!$B$5:$M$20, 12, FALSE)*D300, 0)))

Sheet 07_WORKOUT_EXERCISE_DB
A1: DANH MỤC BÀI TẬP THỂ HÌNH TĂNG CƠ AN TOÀN (WORKOUT EXERCISE DATABASE)
A3: Mã Bài | B3: Tên Bài Tập | C3: Nhóm Cơ Chính | D3: Nhóm Cơ Phụ | E3: Dụng Cụ | F3: Phân Loại | G3: Độ Khó Kỹ Thuật | H3: Rep Range Gợi Ý | I3: Hướng Dẫn Kỹ Thuật (Form Cues) | J3: Bài Tập Thay Thế An Toàn | K3: Ghi Chú An Toàn Khớp
A4: EX001 | B4: Incline Dumbbell Bench Press | C4: Ngực | D4: Vai trước, Tay sau | E4: Dumbbell (Tạ đơn) | F4: Compound | G4: Cơ bản - Dễ tập | H4: 8 - 12 reps | I4: Góc ghế dốc 30 độ, hạ tạ kiểm soát chạm mép ngực trên, ép ngực lên | J4: Incline Machine Press | K4: Không ưỡn cổ quá mức, ép 2 bả vai sát ghế
A5: EX002 | B5: Flat Dumbbell Bench Press | C5: Ngực | D5: Vai trước, Tay sau | E5: Dumbbell (Tạ đơn) | F5: Compound | G5: Cơ bản - Dễ tập | H5: 8 - 12 reps | I5: Hạ tạ 2-3s kéo căng cơ ngực, đẩy lên không khóa khớp khuỷu tay | J5: Barbell Bench Press | K5: Dùng chân đạp sàn vững chắc tạo độ ổn định
A6: EX003 | B6: Machine Chest Press | C6: Ngực | D6: Vai trước, Tay sau | E6: Machine (Máy tập) | F6: Compound | G6: Cơ bản - Dễ tập | H6: 10 - 12 reps | I6: Chỉnh ghế sao cho tay cầm ngang ngực giữa, đẩy đều 2 tay | J6: Push-up | K6: Cực kỳ an toàn cho người mới bắt đầu
A7: EX004 | B7: Cable Chest Fly | C7: Ngực | D7: Vai trước | E7: Cable (Kéo cáp) | F7: Isolation | G7: Trung bình | H7: 12 - 15 reps | I7: Cùi chỏ hơi cong cố định góc, ép 2 tay vào nhau giữ 1s ở đỉnh | J7: Pec Deck Fly Machine | K7: Không để tạ giật căng khớp vai quá đà
A8: EX005 | B8: Push-up (Hít đất) | C8: Ngực | D8: Tay sau, Core | E8: Bodyweight | F8: Compound | G8: Cơ bản - Dễ tập | H8: 10 - 15 reps | I8: Gồng bụng thẳng lưng, hạ ngực gần sát sàn, đẩy lên dứt khoát | J8: Knee Push-up (Hít đất quỳ) | K8: Tuyệt đối không võng thắt lưng
A9: EX006 | B9: Lat Pulldown (Kéo xô máy) | C9: Lưng / Xô | D9: Tay trước, Cầu vai | E9: Cable (Kéo cáp) | F9: Compound | G9: Cơ bản - Dễ tập | H9: 8 - 12 reps | I9: Kéo thanh xà về phía xương đòn, ưỡn ngực nhẹ, hạ bả vai xuống | J9: Assisted Pull-up | K9: Không đung đưa người lấy đà
A10: EX007 | B10: Seated Cable Row (Kéo cáp ngồi) | C10: Lưng / Xô | D10: Tay trước, Lưng giữa | E10: Cable (Kéo cáp) | F10: Compound | G10: Cơ bản - Dễ tập | H10: 8 - 12 reps | I10: Ngồi thẳng lưng, kéo tay cầm về sát bụng dưới, ép 2 bả vai | J10: Chest-Supported Row | K10: Không cúi gập lưng khi nhả tạ
A11: EX008 | B11: One-Arm Dumbbell Row | C11: Lưng / Xô | D11: Tay trước | E11: Dumbbell (Tạ đơn) | F11: Compound | G11: Trung bình | H11: 8 - 10 reps | I11: Một tay chống ghế, kéo tạ sát mạn sườn như kéo dây khởi động máy | J11: Machine Row | K11: Giữ cột sống lưng hoàn toàn thẳng
A12: EX009 | B12: Chest-Supported Dumbbell Row | C12: Lưng / Xô | D12: Lưng giữa, Tay trước | E12: Dumbbell (Tạ đơn) | F12: Compound | G12: Cơ bản - Dễ tập | H12: 10 - 12 reps | I12: Nằm sấp trên ghế dốc 45 độ, kéo tạ ép lưng, triệt tiêu áp lực lưng dưới | J12: Seated Cable Row | K12: RẤT KHUYÊN DÙNG cho người thiếu cân
A13: EX010 | B13: Face Pull (Kéo cáp mặt) | C13: Lưng / Xô | D13: Vai sau, Cầu vai | E13: Cable (Kéo cáp) | F13: Isolation | G13: Cơ bản - Dễ tập | H13: 12 - 15 reps | I13: Kéo dây thừng về ngang mắt, xoay mở cổ tay ra ngoài | J13: Reverse Pec Deck Fly | K13: Bảo vệ khớp vai và chỉnh sửa tư thế gù lưng
A14: EX011 | B14: Seated Dumbbell Shoulder Press | C14: Vai | D14: Tay sau, Cầu vai | E14: Dumbbell (Tạ đơn) | F14: Compound | G14: Trung bình | H14: 8 - 10 reps | I14: Ngồi ghế tựa lưng thẳng, đẩy tạ qua đầu, hạ tạ ngang tai | J14: Machine Shoulder Press | K14: Không ưỡn cong thắt lưng
... A38: EX035 | B38: Dumbbell Lunge | C38: Đùi trước | D38: Mông | E38: Dumbbell (Tạ đơn) | F38: Compound | G38: Trung bình | H38: 10 reps/chân | I38: Bước chân tới trước hạ gối góc 90 độ, đẩy gót chân về vị trí cũ | J38: Split Squat | K38: Giữ thân người thẳng đứng

Sheet 08_WEEKLY_WORKOUT_PLAN
A1: GIÁO ÁN TĂNG CƠ KHỞI ĐẦU 4 BUỔI UPPER / LOWER (WEEKLY WORKOUT PLAN)
A2: NGUYÊN TẮC OVERLOAD CHO NGƯỜI 50.3KG: 12-14 sets/buổi để tối đa hóa phục hồi. Thêm reps trước (8->10->12 reps). Khi chạm 12 reps sạch form, tăng 1.0 - 2.5kg tạ.
A3: Tuần | B3: Thứ | C3: Tên Buổi Tập | D3: Nhóm Cơ Trọng Tâm | E3: Tên Bài Tập | F3: Thứ Tự | G3: Số Sets | H3: Reps Mục Tiêu | I3: Target RIR | J3: Nghỉ Giữa Set | K3: Mức Tạ Dự Kiến | L3: Điểm Kỹ Thuật Quan Trọng | M3: Phương Án Thay Thế | N3: Trạng Thái
A4: 1 | B4: Thứ Hai | C4: Upper A | D4: Ngực & Lưng Xô | E4: Incline Dumbbell Bench Press | F4: 1 | G4: 3 | H4: 8 - 10 reps | I4: RIR 2 | J4: 2.0 phút | K4: 6 - 10 kg/bên | L4: Hạ tạ chậm 3 giây, ép ngực trên | M4: Machine Chest Press | N4: Kế hoạch
A5: 1 | B5: Thứ Hai | C5: Upper A | D5: Ngực & Lưng Xô | E5: Lat Pulldown (Kéo xô máy) | F5: 2 | G5: 3 | H5: 8 - 10 reps | I5: RIR 2 | J5: 2.0 phút | K5: 25 - 35 kg | L5: Kéo xô chạm xương đòn, giữ 1s | M5: Seated Cable Row | N5: Kế hoạch
A6: 1 | B6: Thứ Hai | C6: Upper A | D6: Ngực & Lưng Xô | E6: Machine Chest Press | F6: 3 | G6: 3 | H6: 10 - 12 reps | I6: RIR 1-2 | J6: 90 giây | K6: 20 - 30 kg | L6: Đẩy hết biên độ, không khóa khuỷu | M6: Push-up | N6: Kế hoạch
A7: 1 | B7: Thứ Hai | C7: Upper A | D7: Ngực & Lưng Xô | E7: Dumbbell Lateral Raise | F7: 4 | G7: 3 | H7: 12 - 15 reps | I7: RIR 1 | J7: 60 giây | K7: 2 - 4 kg/bên | L7: Nâng tạ ngang vai, không nhún người | M7: Cable Lateral Raise | N7: Kế hoạch
A8: 1 | B8: Thứ Hai | C8: Upper A | D8: Ngực & Lưng Xô | E8: Tricep Cable Rope Pushdown | F8: 5 | G8: 3 | H8: 10 - 12 reps | I8: RIR 1 | J8: 60 giây | K8: 12 - 18 kg | L8: Khóa khuỷu tay sát sườn, siết bắp tay sau | M8: Overhead DB Extension | N8: Kế hoạch
A9: 1 | B9: Thứ Ba | C9: Lower A | D9: Đùi Trước & Đùi Sau | E9: Goblet Squat (Squat ôm tạ) | F9: 1 | G9: 3 | H9: 8 - 10 reps | I9: RIR 2 | J9: 2.0 phút | K9: 8 - 14 kg | L9: Ôm tạ trước ngực, ngồi xổm thẳng lưng | M9: Leg Press | N9: Kế hoạch
A10: 1 | B10: Thứ Ba | C10: Lower A | D10: Đùi Trước & Đùi Sau | E10: Dumbbell Romanian Deadlift (RDL) | F10: 2 | G10: 3 | H10: 8 - 10 reps | I10: RIR 2 | J10: 2.0 phút | K10: 8 - 12 kg/bên | L10: Đẩy mông về sau, giữ lưng thẳng tuyệt đối | M10: Seated Leg Curl | N10: Kế hoạch
A11: 1 | B11: Thứ Ba | C11: Lower A | D11: Đùi Trước & Đùi Sau | E11: Leg Press (Máy đạp đùi) | F11: 3 | G11: 3 | H11: 10 - 12 reps | I11: RIR 2 | J11: 2.0 phút | K11: 40 - 60 kg | L11: Hạ đùi sâu 90 độ, KHÔNG khóa khớp gối | M11: Goblet Squat | N11: Kế hoạch
A12: 1 | B12: Thứ Ba | C12: Lower A | D12: Đùi Trước & Đùi Sau | E12: Seated Leg Curl (Máy cuộn đùi ngồi) | F12: 4 | G12: 3 | H12: 10 - 12 reps | I12: RIR 1 | J12: 90 giây | K12: 20 - 30 kg | L12: Cuộn đùi sau dứt khoát, nhả chậm 3s | M12: Lying Leg Curl | N12: Kế hoạch
A13: 1 | B13: Thứ Ba | C13: Lower A | D13: Đùi Trước & Đùi Sau | E13: Plank | F13: 5 | G13: 3 | H13: 30 - 45 giây | I13: RIR 1 | J13: 60 giây | K13: Bodyweight | L13: Siết bụng mông đùi thành 1 đường thẳng | M13: Hanging Knee Raise | N13: Kế hoạch
A14: 1 | B14: Thứ Năm | C14: Upper B | D14: Lưng Xô & Ngực/Vai | E14: Chest-Supported Dumbbell Row | F14: 1 | G14: 3 | H14: 8 - 10 reps | I14: RIR 2 | J14: 2.0 phút | K14: 6 - 10 kg/bên | L14: Tựa ngực trên ghế dốc, kéo tạ ép lưng | M14: Seated Cable Row | N14: Kế hoạch
A15: 1 | B15: Thứ Năm | C15: Upper B | D15: Lưng Xô & Ngực/Vai | E15: Flat Dumbbell Bench Press | F15: 2 | G15: 3 | H15: 8 - 10 reps | I15: RIR 2 | J15: 2.0 phút | K15: 8 - 12 kg/bên | L15: Kéo căng ngực dưới, đẩy lên dứt khoát | M15: Incline DB Press | N15: Kế hoạch
... A23: 1 | B23: Thứ Sáu | C23: Lower B | D23: Toàn Diện Chân & Mông | E23: Hanging Knee Raise (Treo xà co gối) | F23: 5 | G23: 3 | H23: 10 - 12 reps | I23: RIR 1 | J23: 60 giây | K23: Bodyweight | L23: Cuộn xương chậu lên, không lấy đà | M23: Plank | N23: Kế hoạch

Sheet 09_WORKOUT_LOG
A1: NHẬT KÝ TẬP LUYỆN THỰC TẾ CHI TIẾT (WORKOUT LOG ENTRIES)
A2: Ghi lại từng hiệp tập. Cột K tự động tính Khối lượng Volume = Tạ x Reps. Nếu thấy đau khớp bất thường ở cột J, HÃY DỪNG BÀI TẬP VÀ ĐỔI BÀI THAY THẾ!
A3: Ngày Tập | B3: Buổi Tập | C3: Tên Bài Tập | D3: Set # | E3: Mức Tạ (kg) | F3: Số Reps | G3: RIR Ghi Nhận | H3: Nghỉ (giây) | I3: Hoàn Thành | J3: Cảm Giác Đau Khớp | K3: Volume (kg x reps) | L3: Ghi Chú Buổi Tập | N3: Ngày Tập | O3: Buổi Tập | P3: Số Sets Hoàn Thành | Q3: Tổng Volume (kg) | R3: Trạng Thái Buổi Tập
A4: 46315 | B4: Upper A | C4: Incline Dumbbell Bench Press | D4: 1 | E4: 8 | F4: 10 | G4: RIR 2 | H4: 120 | I4: Đạt | J4: Không đau | K4: =IF(OR(E4="", F4=""), "", E4*F4) | L4: Form chuẩn, kiểm soát tốt | N4: 46314 | O4: Upper A | P4: =COUNTIFS($A$4:$A$1500, N4, $I$4:$I$1500, "Đạt") | Q4: =SUMIFS($K$4:$K$1500, $A$4:$A$1500, N4) | R4: =IF(P4=0, "CHƯA TẬP", IF(P4>=10, "Hoàn thành đầy đủ", "Hoàn thành 1 phần"))
A5: 46315 | B5: Upper A | C5: Incline Dumbbell Bench Press | D5: 2 | E5: 8 | F5: 10 | G5: RIR 2 | H5: 120 | I5: Đạt | J5: Không đau | K5: =IF(OR(E5="", F5=""), "", E5*F5) | L5: Hạ tạ 3 giây | N5: 46315 | O5: Lower A | P5: =COUNTIFS($A$4:$A$1500, N5, $I$4:$I$1500, "Đạt") | Q5: =SUMIFS($K$4:$K$1500, $A$4:$A$1500, N5) | R5: =IF(P5=0, "CHƯA TẬP", IF(P5>=10, "Hoàn thành đầy đủ", "Hoàn thành 1 phần"))
A6: 46315 | B6: Upper A | C6: Incline Dumbbell Bench Press | D6: 3 | E6: 8 | F6: 9 | G6: RIR 1 | H6: 120 | I6: Đạt | J6: Không đau | K6: =IF(OR(E6="", F6=""), "", E6*F6) | L6: Rep 9 hơi mỏi, chuẩn form | N6: 46317 | O6: Upper B | P6: =COUNTIFS($A$4:$A$1500, N6, $I$4:$I$1500, "Đạt") | Q6: =SUMIFS($K$4:$K$1500, $A$4:$A$1500, N6) | R6: =IF(P6=0, "CHƯA TẬP", IF(P6>=10, "Hoàn thành đầy đủ", "Hoàn thành 1 phần"))
A7: 46315 | B7: Upper A | C7: Lat Pulldown (Kéo xô máy) | D7: 1 | E7: 30 | F7: 10 | G7: RIR 2 | H7: 120 | I7: Đạt | J7: Không đau | K7: =IF(OR(E7="", F7=""), "", E7*F7) | L7: Cảm nhận xô rất rõ | N7: 46318 | O7: Lower B | P7: =COUNTIFS($A$4:$A$1500, N7, $I$4:$I$1500, "Đạt") | Q7: =SUMIFS($K$4:$K$1500, $A$4:$A$1500, N7) | R7: =IF(P7=0, "CHƯA TẬP", IF(P7>=10, "Hoàn thành đầy đủ", "Hoàn thành 1 phần"))
A8: 46315 | B8: Upper A | C8: Lat Pulldown (Kéo xô máy) | D8: 2 | E8: 30 | F8: 10 | G8: RIR 2 | H8: 120 | I8: Đạt | J8: Không đau | K8: =IF(OR(E8="", F8=""), "", E8*F8) | L8: Hạ bả vai tốt | N8: 46321 | O8: Upper A | P8: =COUNTIFS($A$4:$A$1500, N8, $I$4:$I$1500, "Đạt") | Q8: =SUMIFS($K$4:$K$1500, $A$4:$A$1500, N8) | R8: =IF(P8=0, "CHƯA TẬP", IF(P8>=10, "Hoàn thành đầy đủ", "Hoàn thành 1 phần"))
A9: 46315 | B9: Upper A | C9: Lat Pulldown (Kéo xô máy) | D9: 3 | E9: 30 | F9: 8 | G9: RIR 1 | H9: 120 | I9: Đạt | J9: Không đau | K9: =IF(OR(E9="", F9=""), "", E9*F9) | L9: Đạt chỉ tiêu | N9: 46322 | O9: Lower A | P9: =COUNTIFS($A$4:$A$1500, N9, $I$4:$I$1500, "Đạt") | Q9: =SUMIFS($K$4:$K$1500, $A$4:$A$1500, N9) | R9: =IF(P9=0, "CHƯA TẬP", IF(P9>=10, "Hoàn thành đầy đủ", "Hoàn thành 1 phần"))
A10: 46315 | B10: Upper A | C10: Machine Chest Press | D10: 1 | E10: 25 | F10: 10 | G10: RIR 2 | H10: 90 | I10: Đạt | J10: Không đau | K10: =IF(OR(E10="", F10=""), "", E10*F10) | L10: Đẩy êm | N10: 46324 | O10: Upper B | P10: =COUNTIFS($A$4:$A$1500, N10, $I$4:$I$1500, "Đạt") | Q10: =SUMIFS($K$4:$K$1500, $A$4:$A$1500, N10) | R10: =IF(P10=0, "CHƯA TẬP", IF(P10>=10, "Hoàn thành đầy đủ", "Hoàn thành 1 phần"))
A11: 46315 | B11: Upper A | C11: Machine Chest Press | D11: 2 | E11: 25 | F11: 10 | G11: RIR 2 | H11: 90 | I11: Đạt | J11: Không đau | K11: =IF(OR(E11="", F11=""), "", E11*F11) | L11: Giữ nhịp thở | N11: 46325 | O11: Lower B | P11: =COUNTIFS($A$4:$A$1500, N11, $I$4:$I$1500, "Đạt") | Q11: =SUMIFS($K$4:$K$1500, $A$4:$A$1500, N11) | R11: =IF(P11=0, "CHƯA TẬP", IF(P11>=10, "Hoàn thành đầy đủ", "Hoàn thành 1 phần"))
A12: 46315 | B12: Upper A | C12: Machine Chest Press | D12: 3 | E12: 25 | F12: 10 | G12: RIR 1 | H12: 90 | I12: Đạt | J12: Không đau | K12: =IF(OR(E12="", F12=""), "", E12*F12) | L12: Bơm máu tốt | N12: 46328 | O12: Upper A | P12: =COUNTIFS($A$4:$A$1500, N12, $I$4:$I$1500, "Đạt") | Q12: =SUMIFS($K$4:$K$1500, $A$4:$A$1500, N12) | R12: =IF(P12=0, "CHƯA TẬP", IF(P12>=10, "Hoàn thành đầy đủ", "Hoàn thành 1 phần"))
A13: 46315 | B13: Upper A | C13: Dumbbell Lateral Raise | D13: 1 | E13: 3 | F13: 15 | G13: RIR 1 | H13: 60 | I13: Đạt | J13: Không đau | K13: =IF(OR(E13="", F13=""), "", E13*F13) | L13: Căng vai ngang | N13: 46329 | O13: Lower A | P13: =COUNTIFS($A$4:$A$1500, N13, $I$4:$I$1500, "Đạt") | Q13: =SUMIFS($K$4:$K$1500, $A$4:$A$1500, N13) | R13: =IF(P13=0, "CHƯA TẬP", IF(P13>=10, "Hoàn thành đầy đủ", "Hoàn thành 1 phần"))
A14: 46315 | B14: Upper A | C14: Dumbbell Lateral Raise | D14: 2 | E14: 3 | F14: 14 | G14: RIR 1 | H14: 60 | I14: Đạt | J14: Không đau | K14: =IF(OR(E14="", F14=""), "", E14*F14) | L14: Đốt mỏi cơ | N14: 46331 | O14: Upper B | P14: =COUNTIFS($A$4:$A$1500, N14, $I$4:$I$1500, "Đạt") | Q14: =SUMIFS($K$4:$K$1500, $A$4:$A$1500, N14) | R14: =IF(P14=0, "CHƯA TẬP", IF(P14>=10, "Hoàn thành đầy đủ", "Hoàn thành 1 phần"))
A15: 46315 | B15: Upper A | C15: Tricep Cable Rope Pushdown | D15: 1 | E15: 15 | F15: 12 | G15: RIR 1 | H15: 60 | I15: Đạt | J15: Không đau | K15: =IF(OR(E15="", F15=""), "", E15*F15) | L15: Tách dây cáp ở đáy | N15: 46332 | O15: Lower B | P15: =COUNTIFS($A$4:$A$1500, N15, $I$4:$I$1500, "Đạt") | Q15: =SUMIFS($K$4:$K$1500, $A$4:$A$1500, N15) | R15: =IF(P15=0, "CHƯA TẬP", IF(P15>=10, "Hoàn thành đầy đủ", "Hoàn thành 1 phần"))
K16: =IF(OR(E16="", F16=""), "", E16*F16) | N16: 46335 | O16: Upper A | P16: =COUNTIFS($A$4:$A$1500, N16, $I$4:$I$1500, "Đạt") | Q16: =SUMIFS($K$4:$K$1500, $A$4:$A$1500, N16) | R16: =IF(P16=0, "CHƯA TẬP", IF(P16>=10, "Hoàn thành đầy đủ", "Hoàn thành 1 phần"))
K17: =IF(OR(E17="", F17=""), "", E17*F17) | N17: 46336 | O17: Lower A | P17: =COUNTIFS($A$4:$A$1500, N17, $I$4:$I$1500, "Đạt") | Q17: =SUMIFS($K$4:$K$1500, $A$4:$A$1500, N17) | R17: =IF(P17=0, "CHƯA TẬP", IF(P17>=10, "Hoàn thành đầy đủ", "Hoàn thành 1 phần"))
K18: =IF(OR(E18="", F18=""), "", E18*F18) | N18: 46338 | O18: Upper B | P18: =COUNTIFS($A$4:$A$1500, N18, $I$4:$I$1500, "Đạt") | Q18: =SUMIFS($K$4:$K$1500, $A$4:$A$1500, N18) | R18: =IF(P18=0, "CHƯA TẬP", IF(P18>=10, "Hoàn thành đầy đủ", "Hoàn thành 1 phần"))
K19: =IF(OR(E19="", F19=""), "", E19*F19) | N19: 46339 | O19: Lower B | P19: =COUNTIFS($A$4:$A$1500, N19, $I$4:$I$1500, "Đạt") | Q19: =SUMIFS($K$4:$K$1500, $A$4:$A$1500, N19) | R19: =IF(P19=0, "CHƯA TẬP", IF(P19>=10, "Hoàn thành đầy đủ", "Hoàn thành 1 phần"))
K20: =IF(OR(E20="", F20=""), "", E20*F20) | N20: 46342 | O20: Upper A | P20: =COUNTIFS($A$4:$A$1500, N20, $I$4:$I$1500, "Đạt") | Q20: =SUMIFS($K$4:$K$1500, $A$4:$A$1500, N20) | R20: =IF(P20=0, "CHƯA TẬP", IF(P20>=10, "Hoàn thành đầy đủ", "Hoàn thành 1 phần"))
K21: =IF(OR(E21="", F21=""), "", E21*F21) | N21: 46343 | O21: Lower A | P21: =COUNTIFS($A$4:$A$1500, N21, $I$4:$I$1500, "Đạt") | Q21: =SUMIFS($K$4:$K$1500, $A$4:$A$1500, N21) | R21: =IF(P21=0, "CHƯA TẬP", IF(P21>=10, "Hoàn thành đầy đủ", "Hoàn thành 1 phần"))
K22: =IF(OR(E22="", F22=""), "", E22*F22) | N22: 46345 | O22: Upper B | P22: =COUNTIFS($A$4:$A$1500, N22, $I$4:$I$1500, "Đạt") | Q22: =SUMIFS($K$4:$K$1500, $A$4:$A$1500, N22) | R22: =IF(P22=0, "CHƯA TẬP", IF(P22>=10, "Hoàn thành đầy đủ", "Hoàn thành 1 phần"))
K23: =IF(OR(E23="", F23=""), "", E23*F23) | N23: 46346 | O23: Lower B | P23: =COUNTIFS($A$4:$A$1500, N23, $I$4:$I$1500, "Đạt") | Q23: =SUMIFS($K$4:$K$1500, $A$4:$A$1500, N23) | R23: =IF(P23=0, "CHƯA TẬP", IF(P23>=10, "Hoàn thành đầy đủ", "Hoàn thành 1 phần"))
K24: =IF(OR(E24="", F24=""), "", E24*F24) | N24: 46349 | O24: Upper A | P24: =COUNTIFS($A$4:$A$1500, N24, $I$4:$I$1500, "Đạt") | Q24: =SUMIFS($K$4:$K$1500, $A$4:$A$1500, N24) | R24: =IF(P24=0, "CHƯA TẬP", IF(P24>=10, "Hoàn thành đầy đủ", "Hoàn thành 1 phần"))
K25: =IF(OR(E25="", F25=""), "", E25*F25) | N25: 46350 | O25: Lower A | P25: =COUNTIFS($A$4:$A$1500, N25, $I$4:$I$1500, "Đạt") | Q25: =SUMIFS($K$4:$K$1500, $A$4:$A$1500, N25) | R25: =IF(P25=0, "CHƯA TẬP", IF(P25>=10, "Hoàn thành đầy đủ", "Hoàn thành 1 phần"))
K26: =IF(OR(E26="", F26=""), "", E26*F26) | N26: 46352 | O26: Upper B | P26: =COUNTIFS($A$4:$A$1500, N26, $I$4:$I$1500, "Đạt") | Q26: =SUMIFS($K$4:$K$1500, $A$4:$A$1500, N26) | R26: =IF(P26=0, "CHƯA TẬP", IF(P26>=10, "Hoàn thành đầy đủ", "Hoàn thành 1 phần"))
K27: =IF(OR(E27="", F27=""), "", E27*F27) | N27: 46353 | O27: Lower B | P27: =COUNTIFS($A$4:$A$1500, N27, $I$4:$I$1500, "Đạt") | Q27: =SUMIFS($K$4:$K$1500, $A$4:$A$1500, N27) | R27: =IF(P27=0, "CHƯA TẬP", IF(P27>=10, "Hoàn thành đầy đủ", "Hoàn thành 1 phần"))
... K99: =IF(OR(E99="", F99=""), "", E99*F99) | N99: 46479 | O99: Lower B | P99: =COUNTIFS($A$4:$A$1500, N99, $I$4:$I$1500, "Đạt") | Q99: =SUMIFS($K$4:$K$1500, $A$4:$A$1500, N99) | R99: =IF(P99=0, "CHƯA TẬP", IF(P99>=10, "Hoàn thành đầy đủ", "Hoàn thành 1 phần"))
K100: =IF(OR(E100="", F100=""), "", E100*F100)
K101: =IF(OR(E101="", F101=""), "", E101*F101)
K102: =IF(OR(E102="", F102=""), "", E102*F102)
K103: =IF(OR(E103="", F103=""), "", E103*F103)
K104: =IF(OR(E104="", F104=""), "", E104*F104)
K105: =IF(OR(E105="", F105=""), "", E105*F105)
K106: =IF(OR(E106="", F106=""), "", E106*F106)
K107: =IF(OR(E107="", F107=""), "", E107*F107)
K108: =IF(OR(E108="", F108=""), "", E108*F108)
K109: =IF(OR(E109="", F109=""), "", E109*F109)
K110: =IF(OR(E110="", F110=""), "", E110*F110)
K111: =IF(OR(E111="", F111=""), "", E111*F111)
... K300: =IF(OR(E300="", F300=""), "", E300*F300)

Sheet 10_BODY_WEIGHT_LOG
A1: THEO DÕI CÂN NẶNG BUỔI SÁNG & SỐ ĐO CƠ THỂ 24 TUẦN (BODY WEIGHT TRACKER)
A2: QUY TẮC CÂN CHUẨN: Cân ngay sau khi thức dậy, sau khi đi vệ sinh và TRƯỚC KHI ĂN UỐNG. Đặt cân trên sàn cứng, phẳng. Không phán xét cân nặng từng ngày mà theo dõi ĐƯỜNG TRUNG BÌNH 7 NGÀY (Cột L)!
A3: Ngày Cân | B3: Thứ | C3: Cân Nặng Sáng (kg) | D3: Vòng Eo (cm) | E3: Vòng Ngực (cm) | F3: Bắp Tay (cm) | G3: Vòng Đùi (cm) | H3: Vòng Mông (cm) | I3: Giờ Ngủ (h) | J3: Thèm Ăn (1-5) | K3: Năng Lượng (1-5) | L3: TB 7 Ngày (kg) | M3: Delta vs Tuần Trước | N3: Còn Đến Mốc 55kg | O3: Còn Đến Mốc 60kg | P3: Còn Đến Mốc 65kg | Q3: Xu Hướng | R3: Ghi Chú Buổi Sáng
A4: 46314 | B4: =TEXT(A4, "dddd") | C4: 50.3 | D4: 68 | E4: 82 | F4: 25.5 | G4: 47 | H4: 82 | I4: 7.5 | J4: 3 | K4: 3 | L4: =IF(COUNT($C$4:C4)<3, "CHƯA ĐỦ DỮ LIỆU", AVERAGE($C$4:C4)) | M4: - | N4: =IF(C4="", "", MAX(0, 55-C4)) | O4: =IF(C4="", "", MAX(0, 60-C4)) | P4: =IF(C4="", "", MAX(0, 65-C4)) | Q4: =IF(C4="", "", IF(C4>50.3, "Đang tăng", IF(C4=50.3, "Baseline 19/10", "Đang giảm"))) | R4: Baseline khởi đầu InBody 19/10/2026. BMI 16.4.
A5: 46315 | B5: =TEXT(A5, "dddd") | L5: =IF(COUNT($C$4:C5)<3, "CHƯA ĐỦ DỮ LIỆU", AVERAGE($C$4:C5)) | M5: - | N5: =IF(C5="", "", MAX(0, 55-C5)) | O5: =IF(C5="", "", MAX(0, 60-C5)) | P5: =IF(C5="", "", MAX(0, 65-C5)) | Q5: =IF(C5="", "", IF(C5>50.3, "Đang tăng", IF(C5=50.3, "Baseline 19/10", "Đang giảm")))
A6: 46316 | B6: =TEXT(A6, "dddd") | L6: =IF(COUNT($C$4:C6)<3, "CHƯA ĐỦ DỮ LIỆU", AVERAGE($C$4:C6)) | M6: - | N6: =IF(C6="", "", MAX(0, 55-C6)) | O6: =IF(C6="", "", MAX(0, 60-C6)) | P6: =IF(C6="", "", MAX(0, 65-C6)) | Q6: =IF(C6="", "", IF(C6>50.3, "Đang tăng", IF(C6=50.3, "Baseline 19/10", "Đang giảm")))
A7: 46317 | B7: =TEXT(A7, "dddd") | L7: =IF(COUNT($C$4:C7)<3, "CHƯA ĐỦ DỮ LIỆU", AVERAGE($C$4:C7)) | M7: - | N7: =IF(C7="", "", MAX(0, 55-C7)) | O7: =IF(C7="", "", MAX(0, 60-C7)) | P7: =IF(C7="", "", MAX(0, 65-C7)) | Q7: =IF(C7="", "", IF(C7>50.3, "Đang tăng", IF(C7=50.3, "Baseline 19/10", "Đang giảm")))
A8: 46318 | B8: =TEXT(A8, "dddd") | L8: =IF(COUNT($C$4:C8)<3, "CHƯA ĐỦ DỮ LIỆU", AVERAGE($C$4:C8)) | M8: - | N8: =IF(C8="", "", MAX(0, 55-C8)) | O8: =IF(C8="", "", MAX(0, 60-C8)) | P8: =IF(C8="", "", MAX(0, 65-C8)) | Q8: =IF(C8="", "", IF(C8>50.3, "Đang tăng", IF(C8=50.3, "Baseline 19/10", "Đang giảm")))
A9: 46319 | B9: =TEXT(A9, "dddd") | L9: =IF(COUNT($C$4:C9)<3, "CHƯA ĐỦ DỮ LIỆU", AVERAGE($C$4:C9)) | M9: - | N9: =IF(C9="", "", MAX(0, 55-C9)) | O9: =IF(C9="", "", MAX(0, 60-C9)) | P9: =IF(C9="", "", MAX(0, 65-C9)) | Q9: =IF(C9="", "", IF(C9>50.3, "Đang tăng", IF(C9=50.3, "Baseline 19/10", "Đang giảm")))
A10: 46320 | B10: =TEXT(A10, "dddd") | L10: =IF(COUNT(C4:C10)<4, "CHƯA ĐỦ DỮ LIỆU", AVERAGE(C4:C10)) | M10: - | N10: =IF(C10="", "", MAX(0, 55-C10)) | O10: =IF(C10="", "", MAX(0, 60-C10)) | P10: =IF(C10="", "", MAX(0, 65-C10)) | Q10: =IF(C10="", "", IF(C10>50.3, "Đang tăng", IF(C10=50.3, "Baseline 19/10", "Đang giảm")))
A11: 46321 | B11: =TEXT(A11, "dddd") | L11: =IF(COUNT(C5:C11)<4, "CHƯA ĐỦ DỮ LIỆU", AVERAGE(C5:C11)) | M11: =IF(OR(L11="CHƯA ĐỦ DỮ LIỆU", L4="CHƯA ĐỦ DỮ LIỆU"), "-", IF(AND(ISNUMBER(L11), ISNUMBER(L4)), L11-L4, "-")) | N11: =IF(C11="", "", MAX(0, 55-C11)) | O11: =IF(C11="", "", MAX(0, 60-C11)) | P11: =IF(C11="", "", MAX(0, 65-C11)) | Q11: =IF(C11="", "", IF(C11>50.3, "Đang tăng", IF(C11=50.3, "Baseline 19/10", "Đang giảm")))
A12: 46322 | B12: =TEXT(A12, "dddd") | L12: =IF(COUNT(C6:C12)<4, "CHƯA ĐỦ DỮ LIỆU", AVERAGE(C6:C12)) | M12: =IF(OR(L12="CHƯA ĐỦ DỮ LIỆU", L5="CHƯA ĐỦ DỮ LIỆU"), "-", IF(AND(ISNUMBER(L12), ISNUMBER(L5)), L12-L5, "-")) | N12: =IF(C12="", "", MAX(0, 55-C12)) | O12: =IF(C12="", "", MAX(0, 60-C12)) | P12: =IF(C12="", "", MAX(0, 65-C12)) | Q12: =IF(C12="", "", IF(C12>50.3, "Đang tăng", IF(C12=50.3, "Baseline 19/10", "Đang giảm")))
A13: 46323 | B13: =TEXT(A13, "dddd") | L13: =IF(COUNT(C7:C13)<4, "CHƯA ĐỦ DỮ LIỆU", AVERAGE(C7:C13)) | M13: =IF(OR(L13="CHƯA ĐỦ DỮ LIỆU", L6="CHƯA ĐỦ DỮ LIỆU"), "-", IF(AND(ISNUMBER(L13), ISNUMBER(L6)), L13-L6, "-")) | N13: =IF(C13="", "", MAX(0, 55-C13)) | O13: =IF(C13="", "", MAX(0, 60-C13)) | P13: =IF(C13="", "", MAX(0, 65-C13)) | Q13: =IF(C13="", "", IF(C13>50.3, "Đang tăng", IF(C13=50.3, "Baseline 19/10", "Đang giảm")))
A14: 46324 | B14: =TEXT(A14, "dddd") | L14: =IF(COUNT(C8:C14)<4, "CHƯA ĐỦ DỮ LIỆU", AVERAGE(C8:C14)) | M14: =IF(OR(L14="CHƯA ĐỦ DỮ LIỆU", L7="CHƯA ĐỦ DỮ LIỆU"), "-", IF(AND(ISNUMBER(L14), ISNUMBER(L7)), L14-L7, "-")) | N14: =IF(C14="", "", MAX(0, 55-C14)) | O14: =IF(C14="", "", MAX(0, 60-C14)) | P14: =IF(C14="", "", MAX(0, 65-C14)) | Q14: =IF(C14="", "", IF(C14>50.3, "Đang tăng", IF(C14=50.3, "Baseline 19/10", "Đang giảm")))
A15: 46325 | B15: =TEXT(A15, "dddd") | L15: =IF(COUNT(C9:C15)<4, "CHƯA ĐỦ DỮ LIỆU", AVERAGE(C9:C15)) | M15: =IF(OR(L15="CHƯA ĐỦ DỮ LIỆU", L8="CHƯA ĐỦ DỮ LIỆU"), "-", IF(AND(ISNUMBER(L15), ISNUMBER(L8)), L15-L8, "-")) | N15: =IF(C15="", "", MAX(0, 55-C15)) | O15: =IF(C15="", "", MAX(0, 60-C15)) | P15: =IF(C15="", "", MAX(0, 65-C15)) | Q15: =IF(C15="", "", IF(C15>50.3, "Đang tăng", IF(C15=50.3, "Baseline 19/10", "Đang giảm")))
A16: 46326 | B16: =TEXT(A16, "dddd") | L16: =IF(COUNT(C10:C16)<4, "CHƯA ĐỦ DỮ LIỆU", AVERAGE(C10:C16)) | M16: =IF(OR(L16="CHƯA ĐỦ DỮ LIỆU", L9="CHƯA ĐỦ DỮ LIỆU"), "-", IF(AND(ISNUMBER(L16), ISNUMBER(L9)), L16-L9, "-")) | N16: =IF(C16="", "", MAX(0, 55-C16)) | O16: =IF(C16="", "", MAX(0, 60-C16)) | P16: =IF(C16="", "", MAX(0, 65-C16)) | Q16: =IF(C16="", "", IF(C16>50.3, "Đang tăng", IF(C16=50.3, "Baseline 19/10", "Đang giảm")))
A17: 46327 | B17: =TEXT(A17, "dddd") | L17: =IF(COUNT(C11:C17)<4, "CHƯA ĐỦ DỮ LIỆU", AVERAGE(C11:C17)) | M17: =IF(OR(L17="CHƯA ĐỦ DỮ LIỆU", L10="CHƯA ĐỦ DỮ LIỆU"), "-", IF(AND(ISNUMBER(L17), ISNUMBER(L10)), L17-L10, "-")) | N17: =IF(C17="", "", MAX(0, 55-C17)) | O17: =IF(C17="", "", MAX(0, 60-C17)) | P17: =IF(C17="", "", MAX(0, 65-C17)) | Q17: =IF(C17="", "", IF(C17>50.3, "Đang tăng", IF(C17=50.3, "Baseline 19/10", "Đang giảm")))
A18: 46328 | B18: =TEXT(A18, "dddd") | L18: =IF(COUNT(C12:C18)<4, "CHƯA ĐỦ DỮ LIỆU", AVERAGE(C12:C18)) | M18: =IF(OR(L18="CHƯA ĐỦ DỮ LIỆU", L11="CHƯA ĐỦ DỮ LIỆU"), "-", IF(AND(ISNUMBER(L18), ISNUMBER(L11)), L18-L11, "-")) | N18: =IF(C18="", "", MAX(0, 55-C18)) | O18: =IF(C18="", "", MAX(0, 60-C18)) | P18: =IF(C18="", "", MAX(0, 65-C18)) | Q18: =IF(C18="", "", IF(C18>50.3, "Đang tăng", IF(C18=50.3, "Baseline 19/10", "Đang giảm")))
A19: 46329 | B19: =TEXT(A19, "dddd") | L19: =IF(COUNT(C13:C19)<4, "CHƯA ĐỦ DỮ LIỆU", AVERAGE(C13:C19)) | M19: =IF(OR(L19="CHƯA ĐỦ DỮ LIỆU", L12="CHƯA ĐỦ DỮ LIỆU"), "-", IF(AND(ISNUMBER(L19), ISNUMBER(L12)), L19-L12, "-")) | N19: =IF(C19="", "", MAX(0, 55-C19)) | O19: =IF(C19="", "", MAX(0, 60-C19)) | P19: =IF(C19="", "", MAX(0, 65-C19)) | Q19: =IF(C19="", "", IF(C19>50.3, "Đang tăng", IF(C19=50.3, "Baseline 19/10", "Đang giảm")))
A20: 46330 | B20: =TEXT(A20, "dddd") | L20: =IF(COUNT(C14:C20)<4, "CHƯA ĐỦ DỮ LIỆU", AVERAGE(C14:C20)) | M20: =IF(OR(L20="CHƯA ĐỦ DỮ LIỆU", L13="CHƯA ĐỦ DỮ LIỆU"), "-", IF(AND(ISNUMBER(L20), ISNUMBER(L13)), L20-L13, "-")) | N20: =IF(C20="", "", MAX(0, 55-C20)) | O20: =IF(C20="", "", MAX(0, 60-C20)) | P20: =IF(C20="", "", MAX(0, 65-C20)) | Q20: =IF(C20="", "", IF(C20>50.3, "Đang tăng", IF(C20=50.3, "Baseline 19/10", "Đang giảm")))
A21: 46331 | B21: =TEXT(A21, "dddd") | L21: =IF(COUNT(C15:C21)<4, "CHƯA ĐỦ DỮ LIỆU", AVERAGE(C15:C21)) | M21: =IF(OR(L21="CHƯA ĐỦ DỮ LIỆU", L14="CHƯA ĐỦ DỮ LIỆU"), "-", IF(AND(ISNUMBER(L21), ISNUMBER(L14)), L21-L14, "-")) | N21: =IF(C21="", "", MAX(0, 55-C21)) | O21: =IF(C21="", "", MAX(0, 60-C21)) | P21: =IF(C21="", "", MAX(0, 65-C21)) | Q21: =IF(C21="", "", IF(C21>50.3, "Đang tăng", IF(C21=50.3, "Baseline 19/10", "Đang giảm")))
A22: 46332 | B22: =TEXT(A22, "dddd") | L22: =IF(COUNT(C16:C22)<4, "CHƯA ĐỦ DỮ LIỆU", AVERAGE(C16:C22)) | M22: =IF(OR(L22="CHƯA ĐỦ DỮ LIỆU", L15="CHƯA ĐỦ DỮ LIỆU"), "-", IF(AND(ISNUMBER(L22), ISNUMBER(L15)), L22-L15, "-")) | N22: =IF(C22="", "", MAX(0, 55-C22)) | O22: =IF(C22="", "", MAX(0, 60-C22)) | P22: =IF(C22="", "", MAX(0, 65-C22)) | Q22: =IF(C22="", "", IF(C22>50.3, "Đang tăng", IF(C22=50.3, "Baseline 19/10", "Đang giảm")))
... A171: 46481 | B171: =TEXT(A171, "dddd") | L171: =IF(COUNT(C165:C171)<4, "CHƯA ĐỦ DỮ LIỆU", AVERAGE(C165:C171)) | M171: =IF(OR(L171="CHƯA ĐỦ DỮ LIỆU", L164="CHƯA ĐỦ DỮ LIỆU"), "-", IF(AND(ISNUMBER(L171), ISNUMBER(L164)), L171-L164, "-")) | N171: =IF(C171="", "", MAX(0, 55-C171)) | O171: =IF(C171="", "", MAX(0, 60-C171)) | P171: =IF(C171="", "", MAX(0, 65-C171)) | Q171: =IF(C171="", "", IF(C171>50.3, "Đang tăng", IF(C171=50.3, "Baseline 19/10", "Đang giảm")))

Sheet 11_INBODY_HISTORY
A1: LỊCH SỬ ĐO INBODY ĐỊNH KỲ (INBODY COMPOSITION HISTORY)
A2: Lưu ý khoa học: Máy InBody có sai số đo điện trở sinh học. Đo định kỳ mỗi 4 - 8 tuần, trong CÙNG ĐIỀU KIỆN (buổi sáng, nhịn ăn, trước tập, sau khi đi vệ sinh) để biểu đồ xu hướng có ý nghĩa nhất!
A3: Lần Đo | B3: Ngày Đo | C3: Cân Nặng (kg) | D3: BMI | E3: Cơ SMM (kg) | F3: Mỡ Fat (kg) | G3: PBF (%) | H3: Nước TBW (L) | I3: Protein (kg) | J3: Khoáng (kg) | K3: FFM (kg) | L3: BMR (kcal) | M3: Mỡ Nội Tạng | N3: Tỷ Số WHR | O3: InBody Score | P3: Điều Kiện Đo | Q3: Ghi Chú Đánh Giá
A4: Lần 1 (Baseline) | B4: 46314 | C4: 50.3 | D4: 16.4 | E4: 25.7 | F4: 3.9 | G4: 0.078 | H4: 34.1 | I4: 9.2 | J4: 3.06 | K4: 46.4 | L4: 1371 | M4: 1 | N4: 0.83 | O4: 63 | P4: Buổi sáng, nhịn ăn, tại phòng gym | Q4: Baseline khởi đầu. BMI 16.4 thiếu cân, PBF 7.8% rất thấp. Mục tiêu dài hạn tăng SMM lên >30kg.
A5: Lần 2
A6: Lần 3
A7: Lần 4
A8: Lần 5
A9: Lần 6
A10: Lần 7
A11: Lần 8
A12: Lần 9

Sheet 12_WEEKLY_REVIEW
A1: BẢNG ĐÁNH GIÁ TIẾN ĐỘ & RA QUYẾT ĐỊNH CHIẾN LƯỢC HẰNG TUẦN (WEEKLY REVIEW)
A2: NGUYÊN TẮC QUYẾT ĐỊNH: Nếu Độ tuân thủ ăn uống < 70%, hãy tập trung GHI CHÉP ĐỦ BỮA trước khi tăng calo! Chỉ tăng +150-200 kcal khi đã tuân thủ >= 85% mà cân nặng không tăng 2 tuần liên tiếp.
A3: Tuần # | B3: Từ Ngày | C3: Đến Ngày | D3: Cân Nặng TB (kg) | E3: Delta vs Tuần Trước | F3: Ngày Ghi Đủ | G3: Calo TB (Ngày Đủ) | H3: Protein TB (g) | I3: % Đạt Calo | J3: % Đạt Đạm | K3: Buổi Tập Dự Kiến | L3: Buổi Hoàn Thành | M3: % Hoàn Thành Tập | N3: Giờ Ngủ TB (h) | O3: Tiến Bộ Tạ & Reps Chính | P3: Điều Làm Tốt Trong Tuần | Q3: Khó Khăn & Nguyên Nhân | R3: Kế Hoạch Điều Chỉnh Tuần Tới
A4: Tuần 1 | B4: 46314 | C4: 46320 | D4: =IFERROR(AVERAGEIFS('10_BODY_WEIGHT_LOG'!$C$4:$C$171, '10_BODY_WEIGHT_LOG'!$A$4:$A$171, ">="&B4, '10_BODY_WEIGHT_LOG'!$A$4:$A$171, "<="&C4), "") | E4: - | F4: =COUNTIFS('06_DAILY_NUTRITION_LOG'!$N$5:$N$172, ">="&B4, '06_DAILY_NUTRITION_LOG'!$N$5:$N$172, "<="&C4, '06_DAILY_NUTRITION_LOG'!$V$5:$V$172, "COMPLETE*") | G4: =IFERROR(AVERAGEIFS('06_DAILY_NUTRITION_LOG'!$P$5:$P$172, '06_DAILY_NUTRITION_LOG'!$N$5:$N$172, ">="&B4, '06_DAILY_NUTRITION_LOG'!$N$5:$N$172, "<="&C4, '06_DAILY_NUTRITION_LOG'!$V$5:$V$172, "COMPLETE*"), "") | H4: =IFERROR(AVERAGEIFS('06_DAILY_NUTRITION_LOG'!$Q$5:$Q$172, '06_DAILY_NUTRITION_LOG'!$N$5:$N$172, ">="&B4, '06_DAILY_NUTRITION_LOG'!$N$5:$N$172, "<="&C4, '06_DAILY_NUTRITION_LOG'!$V$5:$V$172, "COMPLETE*"), "") | I4: =IF(G4="", "", G4/'02_NUTRITION_SETUP'!$C$20) | J4: =IF(H4="", "", H4/'02_NUTRITION_SETUP'!$C$21) | K4: 4 | L4: =COUNTIFS('09_WORKOUT_LOG'!$N$4:$N$100, ">="&B4, '09_WORKOUT_LOG'!$N$4:$N$100, "<="&C4, '09_WORKOUT_LOG'!$R$4:$R$100, "Hoàn thành*") | M4: =IF(K4="", "", L4/K4) | N4: =IFERROR(AVERAGEIFS('10_BODY_WEIGHT_LOG'!$I$4:$I$171, '10_BODY_WEIGHT_LOG'!$A$4:$A$171, ">="&B4, '10_BODY_WEIGHT_LOG'!$A$4:$A$171, "<="&C4), "")
A5: Tuần 2 | B5: 46321 | C5: 46327 | D5: =IFERROR(AVERAGEIFS('10_BODY_WEIGHT_LOG'!$C$4:$C$171, '10_BODY_WEIGHT_LOG'!$A$4:$A$171, ">="&B5, '10_BODY_WEIGHT_LOG'!$A$4:$A$171, "<="&C5), "") | E5: =IF(OR(D5="", D4=""), "-", D5-D4) | F5: =COUNTIFS('06_DAILY_NUTRITION_LOG'!$N$5:$N$172, ">="&B5, '06_DAILY_NUTRITION_LOG'!$N$5:$N$172, "<="&C5, '06_DAILY_NUTRITION_LOG'!$V$5:$V$172, "COMPLETE*") | G5: =IFERROR(AVERAGEIFS('06_DAILY_NUTRITION_LOG'!$P$5:$P$172, '06_DAILY_NUTRITION_LOG'!$N$5:$N$172, ">="&B5, '06_DAILY_NUTRITION_LOG'!$N$5:$N$172, "<="&C5, '06_DAILY_NUTRITION_LOG'!$V$5:$V$172, "COMPLETE*"), "") | H5: =IFERROR(AVERAGEIFS('06_DAILY_NUTRITION_LOG'!$Q$5:$Q$172, '06_DAILY_NUTRITION_LOG'!$N$5:$N$172, ">="&B5, '06_DAILY_NUTRITION_LOG'!$N$5:$N$172, "<="&C5, '06_DAILY_NUTRITION_LOG'!$V$5:$V$172, "COMPLETE*"), "") | I5: =IF(G5="", "", G5/'02_NUTRITION_SETUP'!$C$20) | J5: =IF(H5="", "", H5/'02_NUTRITION_SETUP'!$C$21) | K5: 4 | L5: =COUNTIFS('09_WORKOUT_LOG'!$N$4:$N$100, ">="&B5, '09_WORKOUT_LOG'!$N$4:$N$100, "<="&C5, '09_WORKOUT_LOG'!$R$4:$R$100, "Hoàn thành*") | M5: =IF(K5="", "", L5/K5) | N5: =IFERROR(AVERAGEIFS('10_BODY_WEIGHT_LOG'!$I$4:$I$171, '10_BODY_WEIGHT_LOG'!$A$4:$A$171, ">="&B5, '10_BODY_WEIGHT_LOG'!$A$4:$A$171, "<="&C5), "")
A6: Tuần 3 | B6: 46328 | C6: 46334 | D6: =IFERROR(AVERAGEIFS('10_BODY_WEIGHT_LOG'!$C$4:$C$171, '10_BODY_WEIGHT_LOG'!$A$4:$A$171, ">="&B6, '10_BODY_WEIGHT_LOG'!$A$4:$A$171, "<="&C6), "") | E6: =IF(OR(D6="", D5=""), "-", D6-D5) | F6: =COUNTIFS('06_DAILY_NUTRITION_LOG'!$N$5:$N$172, ">="&B6, '06_DAILY_NUTRITION_LOG'!$N$5:$N$172, "<="&C6, '06_DAILY_NUTRITION_LOG'!$V$5:$V$172, "COMPLETE*") | G6: =IFERROR(AVERAGEIFS('06_DAILY_NUTRITION_LOG'!$P$5:$P$172, '06_DAILY_NUTRITION_LOG'!$N$5:$N$172, ">="&B6, '06_DAILY_NUTRITION_LOG'!$N$5:$N$172, "<="&C6, '06_DAILY_NUTRITION_LOG'!$V$5:$V$172, "COMPLETE*"), "") | H6: =IFERROR(AVERAGEIFS('06_DAILY_NUTRITION_LOG'!$Q$5:$Q$172, '06_DAILY_NUTRITION_LOG'!$N$5:$N$172, ">="&B6, '06_DAILY_NUTRITION_LOG'!$N$5:$N$172, "<="&C6, '06_DAILY_NUTRITION_LOG'!$V$5:$V$172, "COMPLETE*"), "") | I6: =IF(G6="", "", G6/'02_NUTRITION_SETUP'!$C$20) | J6: =IF(H6="", "", H6/'02_NUTRITION_SETUP'!$C$21) | K6: 4 | L6: =COUNTIFS('09_WORKOUT_LOG'!$N$4:$N$100, ">="&B6, '09_WORKOUT_LOG'!$N$4:$N$100, "<="&C6, '09_WORKOUT_LOG'!$R$4:$R$100, "Hoàn thành*") | M6: =IF(K6="", "", L6/K6) | N6: =IFERROR(AVERAGEIFS('10_BODY_WEIGHT_LOG'!$I$4:$I$171, '10_BODY_WEIGHT_LOG'!$A$4:$A$171, ">="&B6, '10_BODY_WEIGHT_LOG'!$A$4:$A$171, "<="&C6), "")
A7: Tuần 4 | B7: 46335 | C7: 46341 | D7: =IFERROR(AVERAGEIFS('10_BODY_WEIGHT_LOG'!$C$4:$C$171, '10_BODY_WEIGHT_LOG'!$A$4:$A$171, ">="&B7, '10_BODY_WEIGHT_LOG'!$A$4:$A$171, "<="&C7), "") | E7: =IF(OR(D7="", D6=""), "-", D7-D6) | F7: =COUNTIFS('06_DAILY_NUTRITION_LOG'!$N$5:$N$172, ">="&B7, '06_DAILY_NUTRITION_LOG'!$N$5:$N$172, "<="&C7, '06_DAILY_NUTRITION_LOG'!$V$5:$V$172, "COMPLETE*") | G7: =IFERROR(AVERAGEIFS('06_DAILY_NUTRITION_LOG'!$P$5:$P$172, '06_DAILY_NUTRITION_LOG'!$N$5:$N$172, ">="&B7, '06_DAILY_NUTRITION_LOG'!$N$5:$N$172, "<="&C7, '06_DAILY_NUTRITION_LOG'!$V$5:$V$172, "COMPLETE*"), "") | H7: =IFERROR(AVERAGEIFS('06_DAILY_NUTRITION_LOG'!$Q$5:$Q$172, '06_DAILY_NUTRITION_LOG'!$N$5:$N$172, ">="&B7, '06_DAILY_NUTRITION_LOG'!$N$5:$N$172, "<="&C7, '06_DAILY_NUTRITION_LOG'!$V$5:$V$172, "COMPLETE*"), "") | I7: =IF(G7="", "", G7/'02_NUTRITION_SETUP'!$C$20) | J7: =IF(H7="", "", H7/'02_NUTRITION_SETUP'!$C$21) | K7: 4 | L7: =COUNTIFS('09_WORKOUT_LOG'!$N$4:$N$100, ">="&B7, '09_WORKOUT_LOG'!$N$4:$N$100, "<="&C7, '09_WORKOUT_LOG'!$R$4:$R$100, "Hoàn thành*") | M7: =IF(K7="", "", L7/K7) | N7: =IFERROR(AVERAGEIFS('10_BODY_WEIGHT_LOG'!$I$4:$I$171, '10_BODY_WEIGHT_LOG'!$A$4:$A$171, ">="&B7, '10_BODY_WEIGHT_LOG'!$A$4:$A$171, "<="&C7), "")
A8: Tuần 5 | B8: 46342 | C8: 46348 | D8: =IFERROR(AVERAGEIFS('10_BODY_WEIGHT_LOG'!$C$4:$C$171, '10_BODY_WEIGHT_LOG'!$A$4:$A$171, ">="&B8, '10_BODY_WEIGHT_LOG'!$A$4:$A$171, "<="&C8), "") | E8: =IF(OR(D8="", D7=""), "-", D8-D7) | F8: =COUNTIFS('06_DAILY_NUTRITION_LOG'!$N$5:$N$172, ">="&B8, '06_DAILY_NUTRITION_LOG'!$N$5:$N$172, "<="&C8, '06_DAILY_NUTRITION_LOG'!$V$5:$V$172, "COMPLETE*") | G8: =IFERROR(AVERAGEIFS('06_DAILY_NUTRITION_LOG'!$P$5:$P$172, '06_DAILY_NUTRITION_LOG'!$N$5:$N$172, ">="&B8, '06_DAILY_NUTRITION_LOG'!$N$5:$N$172, "<="&C8, '06_DAILY_NUTRITION_LOG'!$V$5:$V$172, "COMPLETE*"), "") | H8: =IFERROR(AVERAGEIFS('06_DAILY_NUTRITION_LOG'!$Q$5:$Q$172, '06_DAILY_NUTRITION_LOG'!$N$5:$N$172, ">="&B8, '06_DAILY_NUTRITION_LOG'!$N$5:$N$172, "<="&C8, '06_DAILY_NUTRITION_LOG'!$V$5:$V$172, "COMPLETE*"), "") | I8: =IF(G8="", "", G8/'02_NUTRITION_SETUP'!$C$20) | J8: =IF(H8="", "", H8/'02_NUTRITION_SETUP'!$C$21) | K8: 4 | L8: =COUNTIFS('09_WORKOUT_LOG'!$N$4:$N$100, ">="&B8, '09_WORKOUT_LOG'!$N$4:$N$100, "<="&C8, '09_WORKOUT_LOG'!$R$4:$R$100, "Hoàn thành*") | M8: =IF(K8="", "", L8/K8) | N8: =IFERROR(AVERAGEIFS('10_BODY_WEIGHT_LOG'!$I$4:$I$171, '10_BODY_WEIGHT_LOG'!$A$4:$A$171, ">="&B8, '10_BODY_WEIGHT_LOG'!$A$4:$A$171, "<="&C8), "")
A9: Tuần 6 | B9: 46349 | C9: 46355 | D9: =IFERROR(AVERAGEIFS('10_BODY_WEIGHT_LOG'!$C$4:$C$171, '10_BODY_WEIGHT_LOG'!$A$4:$A$171, ">="&B9, '10_BODY_WEIGHT_LOG'!$A$4:$A$171, "<="&C9), "") | E9: =IF(OR(D9="", D8=""), "-", D9-D8) | F9: =COUNTIFS('06_DAILY_NUTRITION_LOG'!$N$5:$N$172, ">="&B9, '06_DAILY_NUTRITION_LOG'!$N$5:$N$172, "<="&C9, '06_DAILY_NUTRITION_LOG'!$V$5:$V$172, "COMPLETE*") | G9: =IFERROR(AVERAGEIFS('06_DAILY_NUTRITION_LOG'!$P$5:$P$172, '06_DAILY_NUTRITION_LOG'!$N$5:$N$172, ">="&B9, '06_DAILY_NUTRITION_LOG'!$N$5:$N$172, "<="&C9, '06_DAILY_NUTRITION_LOG'!$V$5:$V$172, "COMPLETE*"), "") | H9: =IFERROR(AVERAGEIFS('06_DAILY_NUTRITION_LOG'!$Q$5:$Q$172, '06_DAILY_NUTRITION_LOG'!$N$5:$N$172, ">="&B9, '06_DAILY_NUTRITION_LOG'!$N$5:$N$172, "<="&C9, '06_DAILY_NUTRITION_LOG'!$V$5:$V$172, "COMPLETE*"), "") | I9: =IF(G9="", "", G9/'02_NUTRITION_SETUP'!$C$20) | J9: =IF(H9="", "", H9/'02_NUTRITION_SETUP'!$C$21) | K9: 4 | L9: =COUNTIFS('09_WORKOUT_LOG'!$N$4:$N$100, ">="&B9, '09_WORKOUT_LOG'!$N$4:$N$100, "<="&C9, '09_WORKOUT_LOG'!$R$4:$R$100, "Hoàn thành*") | M9: =IF(K9="", "", L9/K9) | N9: =IFERROR(AVERAGEIFS('10_BODY_WEIGHT_LOG'!$I$4:$I$171, '10_BODY_WEIGHT_LOG'!$A$4:$A$171, ">="&B9, '10_BODY_WEIGHT_LOG'!$A$4:$A$171, "<="&C9), "")
A10: Tuần 7 | B10: 46356 | C10: 46362 | D10: =IFERROR(AVERAGEIFS('10_BODY_WEIGHT_LOG'!$C$4:$C$171, '10_BODY_WEIGHT_LOG'!$A$4:$A$171, ">="&B10, '10_BODY_WEIGHT_LOG'!$A$4:$A$171, "<="&C10), "") | E10: =IF(OR(D10="", D9=""), "-", D10-D9) | F10: =COUNTIFS('06_DAILY_NUTRITION_LOG'!$N$5:$N$172, ">="&B10, '06_DAILY_NUTRITION_LOG'!$N$5:$N$172, "<="&C10, '06_DAILY_NUTRITION_LOG'!$V$5:$V$172, "COMPLETE*") | G10: =IFERROR(AVERAGEIFS('06_DAILY_NUTRITION_LOG'!$P$5:$P$172, '06_DAILY_NUTRITION_LOG'!$N$5:$N$172, ">="&B10, '06_DAILY_NUTRITION_LOG'!$N$5:$N$172, "<="&C10, '06_DAILY_NUTRITION_LOG'!$V$5:$V$172, "COMPLETE*"), "") | H10: =IFERROR(AVERAGEIFS('06_DAILY_NUTRITION_LOG'!$Q$5:$Q$172, '06_DAILY_NUTRITION_LOG'!$N$5:$N$172, ">="&B10, '06_DAILY_NUTRITION_LOG'!$N$5:$N$172, "<="&C10, '06_DAILY_NUTRITION_LOG'!$V$5:$V$172, "COMPLETE*"), "") | I10: =IF(G10="", "", G10/'02_NUTRITION_SETUP'!$C$20) | J10: =IF(H10="", "", H10/'02_NUTRITION_SETUP'!$C$21) | K10: 4 | L10: =COUNTIFS('09_WORKOUT_LOG'!$N$4:$N$100, ">="&B10, '09_WORKOUT_LOG'!$N$4:$N$100, "<="&C10, '09_WORKOUT_LOG'!$R$4:$R$100, "Hoàn thành*") | M10: =IF(K10="", "", L10/K10) | N10: =IFERROR(AVERAGEIFS('10_BODY_WEIGHT_LOG'!$I$4:$I$171, '10_BODY_WEIGHT_LOG'!$A$4:$A$171, ">="&B10, '10_BODY_WEIGHT_LOG'!$A$4:$A$171, "<="&C10), "")
A11: Tuần 8 | B11: 46363 | C11: 46369 | D11: =IFERROR(AVERAGEIFS('10_BODY_WEIGHT_LOG'!$C$4:$C$171, '10_BODY_WEIGHT_LOG'!$A$4:$A$171, ">="&B11, '10_BODY_WEIGHT_LOG'!$A$4:$A$171, "<="&C11), "") | E11: =IF(OR(D11="", D10=""), "-", D11-D10) | F11: =COUNTIFS('06_DAILY_NUTRITION_LOG'!$N$5:$N$172, ">="&B11, '06_DAILY_NUTRITION_LOG'!$N$5:$N$172, "<="&C11, '06_DAILY_NUTRITION_LOG'!$V$5:$V$172, "COMPLETE*") | G11: =IFERROR(AVERAGEIFS('06_DAILY_NUTRITION_LOG'!$P$5:$P$172, '06_DAILY_NUTRITION_LOG'!$N$5:$N$172, ">="&B11, '06_DAILY_NUTRITION_LOG'!$N$5:$N$172, "<="&C11, '06_DAILY_NUTRITION_LOG'!$V$5:$V$172, "COMPLETE*"), "") | H11: =IFERROR(AVERAGEIFS('06_DAILY_NUTRITION_LOG'!$Q$5:$Q$172, '06_DAILY_NUTRITION_LOG'!$N$5:$N$172, ">="&B11, '06_DAILY_NUTRITION_LOG'!$N$5:$N$172, "<="&C11, '06_DAILY_NUTRITION_LOG'!$V$5:$V$172, "COMPLETE*"), "") | I11: =IF(G11="", "", G11/'02_NUTRITION_SETUP'!$C$20) | J11: =IF(H11="", "", H11/'02_NUTRITION_SETUP'!$C$21) | K11: 4 | L11: =COUNTIFS('09_WORKOUT_LOG'!$N$4:$N$100, ">="&B11, '09_WORKOUT_LOG'!$N$4:$N$100, "<="&C11, '09_WORKOUT_LOG'!$R$4:$R$100, "Hoàn thành*") | M11: =IF(K11="", "", L11/K11) | N11: =IFERROR(AVERAGEIFS('10_BODY_WEIGHT_LOG'!$I$4:$I$171, '10_BODY_WEIGHT_LOG'!$A$4:$A$171, ">="&B11, '10_BODY_WEIGHT_LOG'!$A$4:$A$171, "<="&C11), "")
A12: Tuần 9 | B12: 46370 | C12: 46376 | D12: =IFERROR(AVERAGEIFS('10_BODY_WEIGHT_LOG'!$C$4:$C$171, '10_BODY_WEIGHT_LOG'!$A$4:$A$171, ">="&B12, '10_BODY_WEIGHT_LOG'!$A$4:$A$171, "<="&C12), "") | E12: =IF(OR(D12="", D11=""), "-", D12-D11) | F12: =COUNTIFS('06_DAILY_NUTRITION_LOG'!$N$5:$N$172, ">="&B12, '06_DAILY_NUTRITION_LOG'!$N$5:$N$172, "<="&C12, '06_DAILY_NUTRITION_LOG'!$V$5:$V$172, "COMPLETE*") | G12: =IFERROR(AVERAGEIFS('06_DAILY_NUTRITION_LOG'!$P$5:$P$172, '06_DAILY_NUTRITION_LOG'!$N$5:$N$172, ">="&B12, '06_DAILY_NUTRITION_LOG'!$N$5:$N$172, "<="&C12, '06_DAILY_NUTRITION_LOG'!$V$5:$V$172, "COMPLETE*"), "") | H12: =IFERROR(AVERAGEIFS('06_DAILY_NUTRITION_LOG'!$Q$5:$Q$172, '06_DAILY_NUTRITION_LOG'!$N$5:$N$172, ">="&B12, '06_DAILY_NUTRITION_LOG'!$N$5:$N$172, "<="&C12, '06_DAILY_NUTRITION_LOG'!$V$5:$V$172, "COMPLETE*"), "") | I12: =IF(G12="", "", G12/'02_NUTRITION_SETUP'!$C$20) | J12: =IF(H12="", "", H12/'02_NUTRITION_SETUP'!$C$21) | K12: 4 | L12: =COUNTIFS('09_WORKOUT_LOG'!$N$4:$N$100, ">="&B12, '09_WORKOUT_LOG'!$N$4:$N$100, "<="&C12, '09_WORKOUT_LOG'!$R$4:$R$100, "Hoàn thành*") | M12: =IF(K12="", "", L12/K12) | N12: =IFERROR(AVERAGEIFS('10_BODY_WEIGHT_LOG'!$I$4:$I$171, '10_BODY_WEIGHT_LOG'!$A$4:$A$171, ">="&B12, '10_BODY_WEIGHT_LOG'!$A$4:$A$171, "<="&C12), "")
A13: Tuần 10 | B13: 46377 | C13: 46383 | D13: =IFERROR(AVERAGEIFS('10_BODY_WEIGHT_LOG'!$C$4:$C$171, '10_BODY_WEIGHT_LOG'!$A$4:$A$171, ">="&B13, '10_BODY_WEIGHT_LOG'!$A$4:$A$171, "<="&C13), "") | E13: =IF(OR(D13="", D12=""), "-", D13-D12) | F13: =COUNTIFS('06_DAILY_NUTRITION_LOG'!$N$5:$N$172, ">="&B13, '06_DAILY_NUTRITION_LOG'!$N$5:$N$172, "<="&C13, '06_DAILY_NUTRITION_LOG'!$V$5:$V$172, "COMPLETE*") | G13: =IFERROR(AVERAGEIFS('06_DAILY_NUTRITION_LOG'!$P$5:$P$172, '06_DAILY_NUTRITION_LOG'!$N$5:$N$172, ">="&B13, '06_DAILY_NUTRITION_LOG'!$N$5:$N$172, "<="&C13, '06_DAILY_NUTRITION_LOG'!$V$5:$V$172, "COMPLETE*"), "") | H13: =IFERROR(AVERAGEIFS('06_DAILY_NUTRITION_LOG'!$Q$5:$Q$172, '06_DAILY_NUTRITION_LOG'!$N$5:$N$172, ">="&B13, '06_DAILY_NUTRITION_LOG'!$N$5:$N$172, "<="&C13, '06_DAILY_NUTRITION_LOG'!$V$5:$V$172, "COMPLETE*"), "") | I13: =IF(G13="", "", G13/'02_NUTRITION_SETUP'!$C$20) | J13: =IF(H13="", "", H13/'02_NUTRITION_SETUP'!$C$21) | K13: 4 | L13: =COUNTIFS('09_WORKOUT_LOG'!$N$4:$N$100, ">="&B13, '09_WORKOUT_LOG'!$N$4:$N$100, "<="&C13, '09_WORKOUT_LOG'!$R$4:$R$100, "Hoàn thành*") | M13: =IF(K13="", "", L13/K13) | N13: =IFERROR(AVERAGEIFS('10_BODY_WEIGHT_LOG'!$I$4:$I$171, '10_BODY_WEIGHT_LOG'!$A$4:$A$171, ">="&B13, '10_BODY_WEIGHT_LOG'!$A$4:$A$171, "<="&C13), "")
A14: Tuần 11 | B14: 46384 | C14: 46390 | D14: =IFERROR(AVERAGEIFS('10_BODY_WEIGHT_LOG'!$C$4:$C$171, '10_BODY_WEIGHT_LOG'!$A$4:$A$171, ">="&B14, '10_BODY_WEIGHT_LOG'!$A$4:$A$171, "<="&C14), "") | E14: =IF(OR(D14="", D13=""), "-", D14-D13) | F14: =COUNTIFS('06_DAILY_NUTRITION_LOG'!$N$5:$N$172, ">="&B14, '06_DAILY_NUTRITION_LOG'!$N$5:$N$172, "<="&C14, '06_DAILY_NUTRITION_LOG'!$V$5:$V$172, "COMPLETE*") | G14: =IFERROR(AVERAGEIFS('06_DAILY_NUTRITION_LOG'!$P$5:$P$172, '06_DAILY_NUTRITION_LOG'!$N$5:$N$172, ">="&B14, '06_DAILY_NUTRITION_LOG'!$N$5:$N$172, "<="&C14, '06_DAILY_NUTRITION_LOG'!$V$5:$V$172, "COMPLETE*"), "") | H14: =IFERROR(AVERAGEIFS('06_DAILY_NUTRITION_LOG'!$Q$5:$Q$172, '06_DAILY_NUTRITION_LOG'!$N$5:$N$172, ">="&B14, '06_DAILY_NUTRITION_LOG'!$N$5:$N$172, "<="&C14, '06_DAILY_NUTRITION_LOG'!$V$5:$V$172, "COMPLETE*"), "") | I14: =IF(G14="", "", G14/'02_NUTRITION_SETUP'!$C$20) | J14: =IF(H14="", "", H14/'02_NUTRITION_SETUP'!$C$21) | K14: 4 | L14: =COUNTIFS('09_WORKOUT_LOG'!$N$4:$N$100, ">="&B14, '09_WORKOUT_LOG'!$N$4:$N$100, "<="&C14, '09_WORKOUT_LOG'!$R$4:$R$100, "Hoàn thành*") | M14: =IF(K14="", "", L14/K14) | N14: =IFERROR(AVERAGEIFS('10_BODY_WEIGHT_LOG'!$I$4:$I$171, '10_BODY_WEIGHT_LOG'!$A$4:$A$171, ">="&B14, '10_BODY_WEIGHT_LOG'!$A$4:$A$171, "<="&C14), "")
A15: Tuần 12 | B15: 46391 | C15: 46397 | D15: =IFERROR(AVERAGEIFS('10_BODY_WEIGHT_LOG'!$C$4:$C$171, '10_BODY_WEIGHT_LOG'!$A$4:$A$171, ">="&B15, '10_BODY_WEIGHT_LOG'!$A$4:$A$171, "<="&C15), "") | E15: =IF(OR(D15="", D14=""), "-", D15-D14) | F15: =COUNTIFS('06_DAILY_NUTRITION_LOG'!$N$5:$N$172, ">="&B15, '06_DAILY_NUTRITION_LOG'!$N$5:$N$172, "<="&C15, '06_DAILY_NUTRITION_LOG'!$V$5:$V$172, "COMPLETE*") | G15: =IFERROR(AVERAGEIFS('06_DAILY_NUTRITION_LOG'!$P$5:$P$172, '06_DAILY_NUTRITION_LOG'!$N$5:$N$172, ">="&B15, '06_DAILY_NUTRITION_LOG'!$N$5:$N$172, "<="&C15, '06_DAILY_NUTRITION_LOG'!$V$5:$V$172, "COMPLETE*"), "") | H15: =IFERROR(AVERAGEIFS('06_DAILY_NUTRITION_LOG'!$Q$5:$Q$172, '06_DAILY_NUTRITION_LOG'!$N$5:$N$172, ">="&B15, '06_DAILY_NUTRITION_LOG'!$N$5:$N$172, "<="&C15, '06_DAILY_NUTRITION_LOG'!$V$5:$V$172, "COMPLETE*"), "") | I15: =IF(G15="", "", G15/'02_NUTRITION_SETUP'!$C$20) | J15: =IF(H15="", "", H15/'02_NUTRITION_SETUP'!$C$21) | K15: 4 | L15: =COUNTIFS('09_WORKOUT_LOG'!$N$4:$N$100, ">="&B15, '09_WORKOUT_LOG'!$N$4:$N$100, "<="&C15, '09_WORKOUT_LOG'!$R$4:$R$100, "Hoàn thành*") | M15: =IF(K15="", "", L15/K15) | N15: =IFERROR(AVERAGEIFS('10_BODY_WEIGHT_LOG'!$I$4:$I$171, '10_BODY_WEIGHT_LOG'!$A$4:$A$171, ">="&B15, '10_BODY_WEIGHT_LOG'!$A$4:$A$171, "<="&C15), "")
A16: Tuần 13 | B16: 46398 | C16: 46404 | D16: =IFERROR(AVERAGEIFS('10_BODY_WEIGHT_LOG'!$C$4:$C$171, '10_BODY_WEIGHT_LOG'!$A$4:$A$171, ">="&B16, '10_BODY_WEIGHT_LOG'!$A$4:$A$171, "<="&C16), "") | E16: =IF(OR(D16="", D15=""), "-", D16-D15) | F16: =COUNTIFS('06_DAILY_NUTRITION_LOG'!$N$5:$N$172, ">="&B16, '06_DAILY_NUTRITION_LOG'!$N$5:$N$172, "<="&C16, '06_DAILY_NUTRITION_LOG'!$V$5:$V$172, "COMPLETE*") | G16: =IFERROR(AVERAGEIFS('06_DAILY_NUTRITION_LOG'!$P$5:$P$172, '06_DAILY_NUTRITION_LOG'!$N$5:$N$172, ">="&B16, '06_DAILY_NUTRITION_LOG'!$N$5:$N$172, "<="&C16, '06_DAILY_NUTRITION_LOG'!$V$5:$V$172, "COMPLETE*"), "") | H16: =IFERROR(AVERAGEIFS('06_DAILY_NUTRITION_LOG'!$Q$5:$Q$172, '06_DAILY_NUTRITION_LOG'!$N$5:$N$172, ">="&B16, '06_DAILY_NUTRITION_LOG'!$N$5:$N$172, "<="&C16, '06_DAILY_NUTRITION_LOG'!$V$5:$V$172, "COMPLETE*"), "") | I16: =IF(G16="", "", G16/'02_NUTRITION_SETUP'!$C$20) | J16: =IF(H16="", "", H16/'02_NUTRITION_SETUP'!$C$21) | K16: 4 | L16: =COUNTIFS('09_WORKOUT_LOG'!$N$4:$N$100, ">="&B16, '09_WORKOUT_LOG'!$N$4:$N$100, "<="&C16, '09_WORKOUT_LOG'!$R$4:$R$100, "Hoàn thành*") | M16: =IF(K16="", "", L16/K16) | N16: =IFERROR(AVERAGEIFS('10_BODY_WEIGHT_LOG'!$I$4:$I$171, '10_BODY_WEIGHT_LOG'!$A$4:$A$171, ">="&B16, '10_BODY_WEIGHT_LOG'!$A$4:$A$171, "<="&C16), "")
... A27: Tuần 24 | B27: 46475 | C27: 46481 | D27: =IFERROR(AVERAGEIFS('10_BODY_WEIGHT_LOG'!$C$4:$C$171, '10_BODY_WEIGHT_LOG'!$A$4:$A$171, ">="&B27, '10_BODY_WEIGHT_LOG'!$A$4:$A$171, "<="&C27), "") | E27: =IF(OR(D27="", D26=""), "-", D27-D26) | F27: =COUNTIFS('06_DAILY_NUTRITION_LOG'!$N$5:$N$172, ">="&B27, '06_DAILY_NUTRITION_LOG'!$N$5:$N$172, "<="&C27, '06_DAILY_NUTRITION_LOG'!$V$5:$V$172, "COMPLETE*") | G27: =IFERROR(AVERAGEIFS('06_DAILY_NUTRITION_LOG'!$P$5:$P$172, '06_DAILY_NUTRITION_LOG'!$N$5:$N$172, ">="&B27, '06_DAILY_NUTRITION_LOG'!$N$5:$N$172, "<="&C27, '06_DAILY_NUTRITION_LOG'!$V$5:$V$172, "COMPLETE*"), "") | H27: =IFERROR(AVERAGEIFS('06_DAILY_NUTRITION_LOG'!$Q$5:$Q$172, '06_DAILY_NUTRITION_LOG'!$N$5:$N$172, ">="&B27, '06_DAILY_NUTRITION_LOG'!$N$5:$N$172, "<="&C27, '06_DAILY_NUTRITION_LOG'!$V$5:$V$172, "COMPLETE*"), "") | I27: =IF(G27="", "", G27/'02_NUTRITION_SETUP'!$C$20) | J27: =IF(H27="", "", H27/'02_NUTRITION_SETUP'!$C$21) | K27: 4 | L27: =COUNTIFS('09_WORKOUT_LOG'!$N$4:$N$100, ">="&B27, '09_WORKOUT_LOG'!$N$4:$N$100, "<="&C27, '09_WORKOUT_LOG'!$R$4:$R$100, "Hoàn thành*") | M27: =IF(K27="", "", L27/K27) | N27: =IFERROR(AVERAGEIFS('10_BODY_WEIGHT_LOG'!$I$4:$I$171, '10_BODY_WEIGHT_LOG'!$A$4:$A$171, ">="&B27, '10_BODY_WEIGHT_LOG'!$A$4:$A$171, "<="&C27), "")
B30: KHUNG RA QUYẾT ĐỊNH ĐIỀU CHỈNH CALO & TẬP LUYỆN (DECISION FRAMEWORK MATRIX)
B31: Tình Huống 1 | C31: Cân nặng KHÔNG TĂNG trong 2 tuần liên tiếp VÀ Tuân thủ calo >= 85% | H31: TĂNG NHẸ CALO: Thêm +150 đến +200 kcal/ngày (Ưu tiên thêm 1 ly sữa hoặc 30g bơ đậu phộng). Tiếp tục theo dõi 2 tuần tiếp theo.
B32: Tình Huống 2 | C32: Cân nặng KHÔNG TĂNG nhưng Tuân thủ calo < 70% (Bỏ bữa, quên ghi chép) | H32: TUYỆT ĐỐI KHÔNG TĂNG CALO MỤC TIÊU! Tập trung kỷ luật ghi chép đầy đủ các bữa và ăn đủ 2.100 kcal hiện tại trước.
B33: Tình Huống 3 | C33: Cân nặng TĂNG QUÁ NHANH (> 0.6 kg/tuần liên tiếp) | H33: GIẢM NHẸ SURPLUS: Giảm bớt 100-150 kcal. Tăng cân quá nhanh ở người thiếu cân dễ dẫn đến tích mỡ bụng và quá tải gan/ruột.
B34: Tình Huống 4 | C34: Cân nặng tăng chuẩn (0.25 - 0.4 kg/tuần), sức mạnh tạ tăng đều | H34: GIỮ NGUYÊN KẾ HOẠCH! Bạn đang ở trạng thái vàng của quá trình Lean Bulking. Tiếp tục duy trì thói quen.
B35: Tình Huống 5 | C35: Mệt mỏi mạn tính, tạ bị tụt, đau nhức khớp bất thường | H35: DELOAD & KIỂM TRA GIẤC NGỦ: Giảm 50% khối lượng tập trong 1 tuần, ngủ đủ 8h. Nếu đau khớp kéo dài cần đổi bài tập ngay.

Sheet 13_DASHBOARD
A1: BẢNG ĐIỀU KHIỂN PHÂN TÍCH TIẾN ĐỘ TĂNG CÂN & TĂNG CƠ (EXECUTIVE DASHBOARD)
A2: ⚠️ BMI Baseline: 16.4 (50.3kg / 175cm) - Mục tiêu: 65.0 kg (+14.7kg). Tốc độ tăng cân an toàn: 1.0 - 1.5 kg/tháng. Bảng tính hỗ trợ theo dõi, không thay thế y khoa.
A4: CÂN NẶNG HIỆN TẠI | D4: MỤC TIÊU DÀI HẠN | G4: SỐ KG ĐÃ TĂNG | J4: SỐ KG CÒN LẠI | M4: CÂN NẶNG TB 7 NGÀY | P4: TIẾN ĐỘ CHẶNG ĐƯỜNG
A5: =LOOKUP(9.99E+307, '10_BODY_WEIGHT_LOG'!$C$4:$C$171) | D5: 65 | G5: =MAX(0, A5-50.3) | J5: =MAX(0, D5-A5) | M5: =IFERROR(LOOKUP(9.99E+307, '10_BODY_WEIGHT_LOG'!$L$4:$L$171), "CHƯA ĐỦ DỮ LIỆU") | P5: =IF(A5<=50.3, 0, (A5-50.3)/(D5-50.3))
A6: Baseline: 50.3 kg (19/10/2026) | D6: Cột mốc mục tiêu cuối kỳ | G6: Tự động so với baseline | J6: Khoảng cách đến 65kg | M6: Đường trung bình thực | P6: Tỷ lệ về đích 65kg
A8: CALO TB HẰNG NGÀY | D8: PROTEIN TB HẰNG NGÀY | G8: TUÂN THỦ CALO (TUẦN) | J8: TUÂN THỦ PROTEIN | M8: HOÀN THÀNH TẬP LUYỆN | P8: GIỜ NGỦ TRUNG BÌNH
A9: =IFERROR('12_WEEKLY_REVIEW'!G4, "Chờ dữ liệu") | D9: =IFERROR('12_WEEKLY_REVIEW'!H4, "Chờ dữ liệu") | G9: =IFERROR('12_WEEKLY_REVIEW'!I4, 0) | J9: =IFERROR('12_WEEKLY_REVIEW'!J4, 0) | M9: =IFERROR('12_WEEKLY_REVIEW'!M4, 0) | P9: =IFERROR('12_WEEKLY_REVIEW'!N4, 7.5)
A10: Mục tiêu: 2.100 kcal/ngày | D10: Mục tiêu: 100.0 g/ngày | G10: Tỷ lệ đạt chỉ tiêu năng lượng | J10: Tỷ lệ đạt chỉ tiêu đạm | M10: Số buổi tập hoàn thành / 4 | P10: Mục tiêu tối thiểu: 7.5h
I12: Mốc Cân Nặng | J12: Mục Tiêu (kg)
I13: Baseline (19/10) | J13: 50.3
I14: Cột mốc 1 | J14: 55
I15: Cột mốc 2 | J15: 60
I16: Mục tiêu 65kg | J16: 65
I17: InBody Target | J17: 67.4

Sheet 14_SETTINGS_VALIDATION
A1: BẢNG THIẾT LẬP DANH MỤC & DATA VALIDATION (SETTINGS & LOOKUP LISTS)
A2: Danh mục chuẩn dùng làm Dropdown cho toàn bộ Workbook. Bạn có thể bổ sung các giá trị mới ở cuối mỗi cột.
A3: Bữa Ăn | B3: Nhóm Thực Phẩm | C3: Trạng Thái | D3: Nhóm Cơ | E3: Dụng Cụ | F3: Độ Khó Kỹ Thuật | G3: Trạng Thái Hoàn Thành | H3: Độ Tin Cậy Dữ Liệu | I3: Thang RIR (Reps in Reserve) | J3: Thang RPE (Rate of Perceived Exertion) | K3: Trạng Thái Mục Tiêu | L3: Đánh Giá (1-5) | M3: Đơn Vị Đo
A4: Bữa sáng | B4: Tinh bột | C4: Sống / Tươi | D4: Ngực | E4: Barbell (Tạ đòn) | F4: Cơ bản - Dễ tập | G4: Đã hoàn thành | H4: Đã cân thực tế (Cân điện tử) | I4: RIR 0 - Ngưỡng thất bại | J4: RPE 10 - Tối đa | K4: Chưa cấu hình | L4: 1 - Rất kém | M4: g
A5: Bữa phụ sáng | B5: Nguồn đạm | C5: Nấu chín | D5: Lưng / Xô | E5: Dumbbell (Tạ đơn) | F5: Trung bình | G5: Chưa hoàn thành | H5: Ước lượng khẩu phần chuẩn | I5: RIR 1 - Còn 1 rep | J5: RPE 9.5 | K5: Đang thử nghiệm | L5: 2 - Kém | M5: ml
A6: Bữa trưa | B6: Chất béo tốt | C6: Khô | D6: Đùi trước | E6: Cable (Kéo cáp) | F6: Nâng cao - Cần kiểm soát | G6: Nghỉ có kế hoạch | H6: Ước lượng sơ bộ | I6: RIR 2 - Còn 2 reps | J6: RPE 9 - Rất nặng | K6: Đã xác nhận | L6: 3 - Trung bình | M6: quả
A7: Bữa phụ chiều | B7: Sữa & Chế phẩm | C7: Đóng gói / Chế biến | D7: Đùi sau | E7: Machine (Máy tập) | G7: Bỏ lỡ | I7: RIR 3 - Còn 3 reps | J7: RPE 8.5 | K7: Cần xem xét lại | L7: 4 - Tốt | M7: lát
A8: Bữa tối | B8: Rau củ quả | D8: Mông | E8: Bodyweight (Trọng lượng cơ thể) | G8: Tập thay thế | I8: RIR 4+ - Rất nhẹ | J8: RPE 8 - Nặng vừa | L8: 5 - Rất tốt | M8: suất
A9: Bữa phụ tối | B9: Thực phẩm bổ sung | D9: Vai | E9: Khác | J9: RPE 7.5 | M9: muỗng (scoop)
B10: Gia vị & Khác | D10: Tay trước (Biceps) | J10: RPE 7 - Tương đối | M10: cái
D11: Tay sau (Triceps) | J11: RPE 6 - Khởi động/Nhẹ | M11: hộp
D12: Bắp chân | M12: kg
D13: Bụng / Core
